N,P,K,temperature,humidity,ph,rainfall,label
93,21,60,23.52,91.49,6.51,23.18,muskmelon
99,17,43,25.23,91.98,6.68,50.37,watermelon
26,55,49,30.35,92.43,6.9,158.77,papaya
57,70,57,32.07,88.73,5.82,135.43,papaya
11,144,187,19.05,91.66,6.07,115.28,apple
25,25,28,32.33,56.53,5.94,115.8,mango
25,152,220,19.08,86.17,6.84,157.38,apple
10,35,22,21.6,63.13,6.72,98.65,mothbeans
24,42,24,24.79,93.6,6.34,50.63,mungbean
18,62,17,25.74,76.3,6.65,47.19,lentil
46,48,21,25.44,61.82,7.31,69.37,blackgram
24,22,26,26.08,96.38,6.0,152.34,coconut
27,18,42,19.69,90.73,6.58,105.03,pomegranate
105,65,44,27.28,68.87,6.38,163.25,jute
25,17,30,27.97,92.76,5.56,190.25,coconut
27,16,51,20.42,95.89,6.39,121.14,pomegranate
22,123,210,20.81,84.52,6.16,89.66,apple
84,60,10,28.02,68.35,6.02,83.88,maize
37,53,52,35.02,92.49,6.84,133.57,papaya
103,12,50,29.16,91.54,6.69,24.79,muskmelon
78,27,44,21.6,58.64,7.68,174.8,coffee
44,67,50,31.44,93.86,6.41,157.95,papaya
12,11,7,23.01,92.87,7.16,121.92,orange
64,63,43,36.2,92.05,6.72,111.93,papaya
50,84,93,23.92,19.71,7.33,55.97,chickpea
69,46,45,26.34,75.28,6.3,152.08,jute
21,53,31,26.55,86.62,5.98,19.3,mungbean
19,18,6,28.41,90.99,6.88,103.07,orange
23,67,23,16.87,54.82,5.86,143.33,pigeonpeas
96,31,31,25.03,84.57,6.61,345.58,rice
18,11,48,24.38,82.21,6.79,90.79,pomegranate
26,49,19,24.1,55.33,6.42,17.15,mothbeans
72,49,38,25.5,83.4,6.24,173.39,jute
30,73,17,19.72,68.15,7.23,38.42,lentil
81,46,30,26.74,83.72,6.43,192.69,jute
37,50,31,30.41,61.06,7.63,53.41,blackgram
88,48,57,24.12,75.5,6.87,158.13,jute
31,43,77,22.3,25.79,6.81,87.45,chickpea
36,61,66,18.75,10.0,7.6,81.24,chickpea
22,70,19,22.47,13.0,5.37,102.93,kidneybeans
49,50,58,29.81,91.59,6.82,175.84,papaya
30,28,43,30.52,48.05,5.72,92.5,mango
42,60,17,24.47,63.24,7.02,76.1,blackgram
53,47,12,19.69,66.44,6.86,103.37,maize
27,58,25,28.75,83.84,6.47,65.65,mungbean
61,26,23,30.48,64.95,6.64,86.64,maize
19,71,20,25.3,42.3,5.96,104.48,pigeonpeas
22,18,26,28.96,92.71,5.37,155.73,coconut
92,16,54,32.87,90.44,5.87,29.05,muskmelon
74,47,25,23.53,54.32,6.45,97.21,maize
25,63,25,27.99,58.23,7.47,63.04,blackgram
96,35,37,22.4,65.98,6.64,189.29,coffee
25,121,209,23.65,83.07,5.61,72.4,grapes
16,56,30,26.79,88.41,6.24,57.06,mungbean
105,31,11,24.28,57.7,7.31,160.19,coffee
10,75,16,23.16,30.96,5.39,94.01,kidneybeans
145,52,19,23.84,77.9,6.94,79.26,cotton
21,117,193,21.22,90.51,5.92,120.83,apple
120,84,57,25.74,86.43,5.9,110.55,banana
38,58,37,25.78,61.57,7.27,77.0,blackgram
94,18,48,27.82,77.35,5.9,52.17,watermelon
31,15,32,28.45,95.66,5.65,177.41,coconut
8,64,29,21.7,60.17,6.72,31.42,lentil
16,25,16,20.59,90.49,6.59,97.41,orange
55,80,57,32.73,92.01,6.49,118.25,papaya
15,66,27,27.78,42.69,6.04,116.93,pigeonpeas
17,16,12,18.95,93.87,7.65,106.54,orange
75,41,26,22.44,76.45,7.1,258.07,rice
101,15,43,30.87,88.41,6.04,15.17,muskmelon
13,85,26,26.05,59.36,5.25,125.26,pigeonpeas
112,8,48,26.31,89.89,6.55,32.97,muskmelon
24,17,29,25.34,90.75,5.45,185.13,coconut
80,43,41,24.62,73.0,6.77,141.79,jute
116,95,64,27.58,80.16,6.35,119.64,banana
42,58,29,27.09,64.67,7.32,59.13,blackgram
59,53,49,35.36,95.52,6.49,190.99,papaya
91,92,46,24.03,69.75,6.5,117.33,banana
122,64,31,22.27,81.27,6.33,96.49,cotton
103,24,61,24.91,85.7,6.94,31.99,watermelon
10,9,9,21.52,94.55,7.3,122.1,orange
85,27,46,28.31,53.89,6.88,158.95,coffee
58,66,77,18.94,14.48,7.62,55.76,chickpea
79,43,31,22.85,85.78,6.6,200.67,rice
18,41,22,32.96,54.4,7.3,29.15,mothbeans
14,9,9,19.4,94.72,7.16,108.6,orange
17,22,35,31.77,39.41,5.53,112.55,mango
94,22,42,20.72,41.46,6.34,120.49,coffee
25,26,19,28.43,61.5,7.15,58.74,mothbeans
32,68,20,25.76,63.6,7.26,73.41,blackgram
9,18,54,21.45,88.83,6.15,124.97,pomegranate
70,58,14,18.77,52.55,6.54,59.39,maize
21,43,11,29.04,78.12,5.88,49.52,mothbeans
112,54,11,22.75,71.14,6.62,92.84,cotton
26,46,48,34.72,93.47,6.89,132.41,papaya
10,73,29,36.09,43.96,6.05,167.09,pigeonpeas
23,36,26,29.72,45.95,6.03,47.83,mothbeans
14,60,20,15.85,24.41,6.29,93.4,kidneybeans
123,28,22,24.58,40.19,6.78,179.52,coffee
44,74,33,35.56,59.51,7.75,73.75,blackgram
25,66,19,23.61,74.03,6.55,36.33,lentil
15,16,32,26.14,100.0,5.56,204.49,coconut
80,60,41,22.28,89.62,6.62,198.88,rice
17,14,9,21.01,92.84,6.32,130.74,orange
135,12,41,28.7,98.35,6.07,21.87,muskmelon
123,21,43,24.15,81.82,7.12,32.96,watermelon
27,68,18,18.07,23.74,5.23,127.29,kidneybeans
93,22,53,22.56,79.17,5.92,52.26,watermelon
113,73,60,28.41,89.26,5.83,83.05,banana
29,63,24,26.24,51.24,5.23,152.56,pigeonpeas
2,24,17,31.29,37.34,5.3,58.57,mothbeans
109,64,57,26.53,83.54,6.31,137.16,banana
73,68,30,27.92,86.08,7.46,135.29,jute
132,48,21,28.33,82.9,7.52,36.13,cotton
25,15,38,23.31,87.89,6.4,114.98,pomegranate
28,64,3,25.5,37.61,4.98,112.88,pigeonpeas
48,58,85,20.52,21.3,8.4,85.89,chickpea
77,59,14,22.9,79.17,6.05,121.25,maize
24,19,24,24.67,94.84,5.83,228.93,coconut
28,22,34,20.08,90.58,6.12,140.85,pomegranate
71,42,17,20.97,88.83,7.06,222.53,rice
19,84,24,26.45,42.81,5.63,162.85,pigeonpeas
31,131,212,23.32,90.33,5.73,60.79,grapes
40,78,18,31.19,67.81,7.24,63.93,blackgram
22,14,34,28.02,92.28,5.97,205.91,coconut
38,66,91,20.78,10.0,7.56,82.92,chickpea
44,73,12,24.49,59.03,6.84,79.3,blackgram
19,19,32,24.06,95.38,5.46,198.48,coconut
82,42,10,25.62,70.2,6.26,121.93,maize
100,72,57,30.36,81.71,6.77,74.49,banana
27,52,22,26.98,56.7,6.74,56.87,mothbeans
99,87,37,25.52,79.42,6.76,102.72,banana
40,60,12,18.91,24.61,5.61,134.07,kidneybeans
27,19,51,16.93,88.23,6.28,104.71,pomegranate
44,68,71,19.97,10.1,7.78,73.03,chickpea
27,22,21,29.18,97.13,5.52,214.97,coconut
16,15,5,20.53,88.61,6.95,88.54,orange
26,72,18,23.65,39.13,6.07,186.87,pigeonpeas
94,77,53,27.91,64.78,6.41,133.73,banana
82,71,60,28.75,81.82,5.31,97.83,banana
23,141,209,26.26,86.15,6.17,131.67,apple
21,75,13,16.84,24.48,6.04,99.12,kidneybeans
103,19,53,27.72,92.03,6.17,17.99,muskmelon
29,49,32,31.08,81.73,6.71,47.43,mungbean
8,36,21,25.32,58.14,6.82,20.47,mothbeans
24,26,39,28.07,97.09,5.75,162.29,coconut
62,33,14,22.86,66.95,6.2,92.04,maize
10,139,183,19.11,92.0,5.86,83.76,apple
11,13,19,26.07,95.37,5.8,160.26,coconut
22,98,22,17.06,25.61,5.89,113.4,kidneybeans
13,61,24,26.34,63.02,6.55,38.27,mothbeans
13,46,22,34.28,77.44,7.16,59.68,mungbean
13,73,24,24.51,74.22,6.41,51.62,lentil
112,22,49,21.24,80.01,6.61,54.11,watermelon
27,48,26,29.55,85.13,6.58,47.03,mungbean
16,73,7,24.66,47.69,5.35,121.9,pigeonpeas
12,51,9,21.58,40.91,6.78,134.22,pigeonpeas
22,62,19,27.31,26.71,6.03,120.61,pigeonpeas
8,66,30,18.06,22.15,5.2,92.67,kidneybeans
75,49,30,20.55,67.95,6.14,85.57,maize
85,44,56,26.48,86.23,6.47,201.45,jute
27,38,82,24.4,22.19,7.38,72.63,chickpea
19,133,213,23.01,93.5,6.1,129.69,apple
20,9,10,22.49,92.39,6.91,132.76,orange
126,49,34,25.21,79.29,6.56,65.12,cotton
76,48,32,25.04,89.66,6.36,242.05,rice
22,15,32,27.24,91.13,5.74,176.93,coconut
21,149,206,25.02,81.36,5.97,66.05,grapes
12,57,15,21.17,60.62,6.81,56.05,lentil
120,22,56,24.64,92.57,6.41,49.62,watermelon
31,144,202,20.21,75.85,6.04,62.5,grapes
20,142,184,25.04,80.08,5.7,108.79,grapes
24,67,23,30.13,66.34,7.56,59.91,blackgram
23,21,46,22.0,100.0,5.99,72.79,pomegranate
59,83,75,15.64,16.7,6.59,84.85,chickpea
20,22,31,26.63,90.25,6.21,158.7,coconut
57,32,32,22.37,59.65,6.72,72.89,maize
14,45,17,23.32,70.72,6.34,27.76,lentil
31,123,198,22.64,76.16,5.87,86.62,grapes
108,17,50,21.68,83.5,6.19,54.6,watermelon
82,41,33,25.95,81.09,6.38,139.04,jute
111,32,33,27.6,58.71,7.19,174.35,coffee
105,38,30,19.55,44.4,7.09,144.75,coffee
19,68,11,17.1,20.75,6.75,82.76,kidneybeans
69,62,28,24.33,76.52,6.24,168.0,jute
14,47,22,26.43,66.52,7.01,50.59,mothbeans
17,67,22,16.54,17.62,5.71,83.26,kidneybeans
91,96,70,26.92,86.25,5.58,126.5,banana
19,65,24,19.01,22.58,5.89,74.29,kidneybeans
28,19,45,30.37,92.97,6.9,175.61,coconut
56,67,34,31.76,94.85,6.81,112.09,papaya
46,55,49,32.01,87.78,6.48,139.56,papaya
17,49,26,29.5,80.61,7.0,40.35,mungbean
17,24,47,30.26,55.88,5.7,58.03,mango
19,23,43,20.82,83.19,6.08,110.76,pomegranate
114,20,45,28.61,91.03,6.61,39.2,watermelon
33,78,22,23.28,22.86,5.86,103.94,kidneybeans
62,45,15,22.44,65.45,6.51,83.59,maize
31,136,179,23.1,92.73,5.66,123.47,apple
40,74,26,26.76,49.26,7.09,72.4,blackgram
49,65,71,12.54,12.4,7.22,65.19,chickpea
18,132,207,26.3,82.72,6.13,71.27,grapes
21,137,186,20.77,76.38,6.82,77.96,grapes
116,76,56,26.78,79.08,5.69,138.31,banana
123,64,28,23.31,82.36,6.77,121.1,cotton
68,42,44,22.87,77.89,6.5,237.35,rice
20,21,36,21.42,89.82,6.03,104.73,pomegranate
16,46,14,20.51,86.0,6.94,51.14,mungbean
94,111,57,31.74,86.98,6.1,111.03,banana
75,40,35,29.09,81.13,5.91,161.99,jute
14,36,22,25.47,85.51,6.51,26.63,mungbean
77,55,11,24.15,66.33,6.5,90.78,maize
40,64,91,21.84,12.14,7.46,65.43,chickpea
44,59,76,21.17,14.14,7.99,74.01,chickpea
32,64,91,19.34,10.0,7.67,69.98,chickpea
24,138,197,27.49,93.48,5.51,116.97,apple
60,63,52,23.06,73.43,6.94,226.56,rice
20,54,14,14.99,22.04,5.73,90.57,kidneybeans
59,75,74,33.75,90.01,6.88,135.34,papaya
100,35,22,24.33,56.39,6.31,148.5,coffee
41,53,16,31.53,56.59,6.09,64.59,blackgram
26,89,13,19.42,16.37,5.92,86.63,kidneybeans
21,32,37,29.52,52.27,6.09,118.31,mango
13,30,50,33.34,43.09,6.15,88.67,mango
28,21,33,23.54,91.67,5.43,124.62,coconut
53,44,42,30.56,90.01,6.15,147.09,papaya
21,139,195,22.81,87.47,5.62,98.46,apple
32,62,90,18.0,13.98,6.92,86.35,chickpea
12,19,43,17.47,93.71,5.69,95.44,pomegranate
35,67,75,23.36,17.63,7.42,89.33,chickpea
104,19,52,29.47,92.17,6.4,33.57,muskmelon
3,150,212,28.02,95.71,6.53,129.57,apple
90,19,59,24.49,91.55,5.71,20.85,muskmelon
95,26,40,25.03,89.94,6.06,21.86,muskmelon
24,21,22,29.48,51.92,6.29,54.05,mango
20,24,57,33.03,46.73,5.28,57.39,mango
108,63,11,26.15,79.49,7.66,86.82,cotton
24,6,23,27.34,94.41,5.81,184.22,coconut
23,23,33,20.27,91.18,6.68,66.45,pomegranate
88,43,38,26.2,86.13,6.73,269.16,rice
105,14,46,27.47,87.4,5.72,19.19,muskmelon
102,23,31,18.1,59.36,5.83,186.2,coffee
32,52,50,33.76,88.06,6.65,124.06,papaya
18,64,22,25.41,52.69,6.81,57.09,mothbeans
92,33,0,25.8,54.06,6.21,61.6,maize
18,28,22,31.32,51.2,5.1,114.91,mango
99,26,55,28.92,90.8,6.17,35.25,muskmelon
23,66,15,31.19,64.55,5.56,131.63,pigeonpeas
24,46,25,27.65,83.08,6.92,58.51,mungbean
99,25,37,25.58,76.05,6.86,145.23,coffee
13,125,197,26.0,82.94,6.64,54.47,grapes
17,15,22,23.38,96.16,5.99,175.26,coconut
108,46,26,22.96,68.74,6.82,76.88,cotton
16,73,14,27.24,52.47,5.63,155.11,pigeonpeas
83,37,26,22.71,76.59,7.07,256.45,rice
31,139,194,25.97,91.9,5.99,111.14,apple
16,14,31,20.88,84.1,6.78,108.1,pomegranate
106,25,28,28.46,52.47,7.11,196.78,coffee
37,52,89,18.77,15.1,8.58,84.48,chickpea
133,61,15,24.33,83.37,7.51,94.37,cotton
82,50,35,25.01,87.64,6.31,126.21,jute
14,29,30,30.48,60.71,5.42,68.01,mango
95,61,62,25.45,75.73,5.84,110.44,banana
42,58,44,37.67,94.37,6.91,172.9,papaya
15,136,210,16.38,93.57,5.68,108.14,apple
31,84,77,22.65,23.61,7.7,73.53,chickpea
89,51,37,24.65,75.74,6.77,224.45,rice
20,81,12,21.41,42.16,6.32,104.42,pigeonpeas
9,46,22,28.53,34.56,6.35,49.04,mothbeans
0,38,13,27.23,82.31,7.02,25.69,mungbean
83,41,25,24.56,73.22,6.78,145.32,jute
11,28,40,20.83,92.35,6.78,125.92,pomegranate
27,141,203,16.94,82.09,6.49,77.91,grapes
24,46,15,25.84,73.5,6.8,61.73,mothbeans
75,32,37,24.8,76.86,6.97,197.99,jute
88,68,19,20.61,53.97,6.01,84.34,maize
16,14,13,30.21,98.78,5.49,169.3,coconut
77,57,18,23.8,67.57,6.03,104.84,maize
35,68,86,14.67,10.0,7.08,61.69,chickpea
86,84,34,27.08,72.89,6.18,86.51,banana
68,44,30,22.89,76.01,7.19,231.06,rice
13,25,41,26.44,94.92,5.89,224.31,coconut
67,59,37,26.69,82.68,6.36,160.33,jute
22,23,34,29.37,45.96,5.09,113.53,mango
113,23,59,25.0,88.33,5.96,34.68,muskmelon
17,139,189,22.68,91.7,5.99,102.81,apple
113,92,57,30.64,79.58,6.26,93.31,banana
27,71,10,23.16,46.77,5.85,116.09,pigeonpeas
43,69,27,31.37,72.76,7.23,47.16,blackgram
19,15,14,18.07,85.15,6.91,119.37,orange
39,63,64,20.54,13.34,6.83,36.92,chickpea
98,18,47,25.68,82.04,7.01,48.64,watermelon
76,84,50,26.84,84.96,6.3,110.96,banana
21,149,203,19.62,89.87,6.14,137.97,apple
42,77,66,13.72,10.0,7.81,71.72,chickpea
113,32,16,23.98,76.43,6.95,168.2,coffee
6,64,21,28.8,42.9,5.82,75.35,pigeonpeas
7,17,6,22.51,88.57,6.53,142.1,orange
22,144,183,25.82,87.32,6.75,103.77,apple
17,18,28,24.13,100.0,5.43,180.5,coconut
63,53,56,33.49,87.09,6.33,138.25,papaya
82,20,50,26.82,85.32,6.73,40.23,watermelon
20,53,25,31.65,63.57,7.24,45.27,mothbeans
34,64,55,31.7,87.51,6.7,141.81,papaya
52,62,79,19.04,12.08,7.56,78.19,chickpea
19,15,56,26.5,86.53,6.62,121.99,pomegranate
29,78,79,21.01,10.64,6.68,92.27,chickpea
59,63,45,37.01,87.93,6.66,166.17,papaya
30,80,20,17.09,62.11,7.98,43.23,lentil
24,126,200,21.89,90.42,5.49,106.29,apple
18,17,40,21.23,88.27,6.91,83.61,pomegranate
40,86,97,17.63,12.99,7.49,65.02,chickpea
8,30,27,31.95,54.67,6.21,64.86,mango
51,81,79,12.63,12.96,7.82,79.66,chickpea
22,16,37,21.86,85.34,6.26,89.81,pomegranate
86,12,55,21.15,83.34,6.68,49.21,watermelon
23,73,23,18.23,24.71,5.89,80.25,kidneybeans
30,50,28,28.87,79.21,6.17,29.38,mungbean
98,19,51,28.01,88.73,6.84,26.36,muskmelon
110,15,60,28.41,85.52,6.32,38.33,watermelon
10,66,26,17.62,28.56,5.12,104.76,kidneybeans
116,17,34,29.29,95.82,6.77,18.7,muskmelon
24,24,29,31.27,50.86,6.1,107.87,mango
95,38,37,23.22,74.68,6.52,237.83,rice
44,67,26,31.95,53.8,7.33,64.92,blackgram
41,70,74,18.05,19.08,7.78,77.91,chickpea
129,84,45,24.65,82.34,6.71,100.05,banana
33,67,10,32.45,63.36,7.55,60.1,blackgram
13,56,27,28.35,38.62,5.91,119.23,pigeonpeas
43,51,48,33.5,91.05,7.16,154.7,papaya
35,68,21,29.77,35.31,6.65,156.07,pigeonpeas
8,38,17,21.89,85.24,6.6,27.93,mungbean
24,12,41,21.43,93.74,6.36,140.9,coconut
119,37,2,28.05,83.6,7.11,67.85,cotton
29,134,195,26.88,85.23,5.73,50.08,grapes
23,130,177,21.34,92.7,5.74,78.69,apple
20,67,17,23.07,52.62,7.01,45.52,lentil
87,72,45,25.49,81.12,5.22,82.64,banana
90,48,36,24.64,71.27,6.63,192.21,jute
28,143,190,23.03,88.17,6.26,110.52,apple
21,11,37,20.88,85.6,7.12,89.93,pomegranate
18,138,196,18.73,100.0,5.71,67.65,apple
20,49,26,29.58,84.05,6.62,54.12,mungbean
86,9,58,24.11,91.46,6.7,19.08,muskmelon
92,21,44,27.88,43.11,6.49,165.06,coffee
100,32,30,23.98,57.4,6.81,151.38,coffee
33,56,21,22.61,42.11,5.38,131.76,pigeonpeas
74,55,51,26.6,84.61,7.07,188.78,jute
28,63,17,18.8,18.82,5.67,146.99,kidneybeans
115,66,41,22.43,76.09,6.31,96.72,banana
85,51,28,28.0,73.11,5.56,59.41,maize
72,43,33,21.52,85.7,7.09,143.17,jute
115,42,16,21.13,60.56,6.05,108.78,maize
40,83,24,27.29,45.88,5.32,152.32,pigeonpeas
14,21,36,26.57,58.46,5.49,87.23,mango
34,60,29,19.5,14.0,5.85,63.0,kidneybeans
26,11,35,18.01,82.98,6.44,143.12,pomegranate
100,22,48,26.14,84.8,6.46,53.11,watermelon
39,83,18,28.94,61.14,7.54,97.4,blackgram
73,50,16,26.77,57.84,6.23,76.21,maize
79,33,33,24.09,77.7,6.25,260.19,rice
16,54,23,31.21,41.0,5.64,62.87,mothbeans
13,48,22,13.31,21.48,5.59,118.58,kidneybeans
18,20,52,31.73,43.19,6.05,110.38,mango
127,46,15,21.23,87.93,7.28,118.87,cotton
53,48,44,30.42,89.83,6.57,135.34,papaya
31,52,14,27.07,46.86,6.45,64.68,mothbeans
120,51,14,25.08,78.86,7.01,65.51,cotton
41,52,21,31.54,96.72,7.05,59.39,mungbean
19,20,3,22.26,91.79,7.29,106.25,orange
71,42,51,22.46,76.66,6.48,174.61,jute
34,49,15,24.82,78.63,7.05,62.81,blackgram
26,59,31,30.53,90.81,6.47,34.12,mungbean
95,42,34,25.5,73.88,5.87,138.62,coffee
96,96,32,22.86,80.45,5.82,105.15,banana
15,76,24,34.39,46.24,6.13,152.94,pigeonpeas
42,47,53,32.67,91.41,7.26,155.73,papaya
21,106,196,23.35,93.06,6.26,104.25,apple
14,19,45,23.89,85.1,7.28,122.35,pomegranate
79,40,22,18.33,67.65,6.63,45.13,maize
10,49,34,31.63,54.92,5.98,92.19,mango
23,10,46,26.79,93.56,5.51,175.6,coconut
12,138,205,25.49,92.54,5.36,92.81,apple
16,74,10,24.55,68.62,7.58,36.75,lentil
82,34,33,27.28,81.55,6.47,153.54,jute
13,54,16,27.6,53.72,6.05,38.32,mothbeans
5,82,23,19.5,53.17,7.57,37.15,lentil
30,9,37,24.47,99.66,5.28,203.81,coconut
35,40,26,33.62,60.57,7.0,56.69,blackgram
68,28,58,24.12,85.68,6.4,213.46,jute
18,52,12,28.67,87.76,6.97,24.76,mungbean
109,53,12,25.88,88.91,7.13,92.76,cotton
101,21,55,23.57,82.34,6.76,58.58,watermelon
23,131,198,26.09,90.68,6.14,112.75,apple
30,128,195,20.01,78.29,6.21,70.11,grapes
20,15,26,27.27,93.03,6.1,134.44,coconut
24,144,209,23.49,88.76,5.05,100.78,grapes
102,15,43,21.71,98.84,6.4,26.89,watermelon
80,24,39,21.39,85.35,6.55,201.8,rice
17,21,34,34.93,59.37,5.2,120.78,mango
13,33,42,36.71,72.92,5.34,151.48,mango
103,32,27,28.9,54.81,6.02,149.22,coffee
26,19,37,20.88,90.08,6.08,118.58,pomegranate
107,86,59,27.79,78.44,5.68,100.02,banana
24,144,224,21.95,86.01,6.31,86.1,grapes
76,57,37,22.05,79.18,6.36,187.3,jute
9,8,10,18.02,98.32,6.18,94.0,orange
106,39,13,22.57,77.02,5.95,94.0,cotton
28,27,33,33.43,44.2,5.72,97.51,mango
49,72,44,32.21,84.99,7.39,115.24,papaya
99,25,44,33.59,89.99,6.44,21.75,muskmelon
20,26,21,32.29,38.26,6.51,54.94,mothbeans
59,61,41,24.21,78.11,5.89,189.83,jute
43,66,96,20.47,19.67,7.57,97.6,chickpea
16,51,26,27.33,63.65,7.53,36.26,mothbeans
20,20,60,18.02,85.52,6.1,107.64,pomegranate
107,24,42,29.77,86.42,6.5,45.23,watermelon
26,56,14,29.26,44.44,6.85,31.03,mothbeans
140,41,15,24.89,83.58,7.26,60.76,cotton
58,64,66,33.13,93.73,6.12,121.38,papaya
99,22,63,27.19,84.58,7.05,23.7,watermelon
19,29,17,24.88,46.92,6.73,64.37,mothbeans
92,57,32,25.93,84.06,6.73,286.9,rice
34,21,46,25.74,96.11,6.44,152.59,coconut
17,49,18,21.98,49.12,6.65,59.5,mothbeans
19,48,26,31.82,51.89,6.61,49.16,mothbeans
98,64,20,20.74,68.68,6.03,125.27,maize
72,40,42,21.1,74.96,6.11,223.6,rice
68,41,27,22.12,74.98,6.03,90.58,maize
22,15,22,26.69,95.25,6.11,229.26,coconut
17,14,10,20.23,92.99,6.79,119.37,orange
16,17,47,18.7,88.94,6.55,68.17,pomegranate
18,65,28,19.67,15.44,5.8,114.96,kidneybeans
104,20,52,27.99,87.88,6.38,44.45,watermelon
18,47,19,31.66,79.62,6.39,60.44,mungbean
39,68,23,30.91,67.07,7.58,45.22,blackgram
99,48,33,27.1,82.58,6.87,232.03,rice
77,36,26,25.85,91.55,5.84,246.89,rice
112,39,11,26.98,79.13,6.4,63.47,cotton
100,50,13,25.89,76.89,6.48,95.99,cotton
8,58,18,23.14,53.06,5.44,214.95,pigeonpeas
33,22,10,24.6,87.09,8.01,98.2,orange
50,59,26,27.36,54.31,7.39,87.36,blackgram
15,73,22,25.93,51.45,7.3,39.16,lentil
113,91,50,21.09,76.79,5.75,85.43,banana
14,28,41,34.37,51.83,5.57,100.38,mango
74,58,30,19.32,69.78,6.58,79.05,maize
22,143,174,24.03,91.98,6.24,130.3,apple
10,14,23,16.73,90.71,5.61,77.38,pomegranate
22,28,42,31.73,46.77,5.7,97.35,mango
120,47,17,26.48,70.69,6.69,70.3,cotton
32,55,25,25.1,84.6,6.58,35.93,mungbean
21,56,30,34.59,49.57,6.31,155.26,pigeonpeas
38,75,82,16.74,14.4,6.98,96.14,chickpea
22,115,199,22.69,91.74,5.67,93.07,apple
105,42,26,27.32,60.45,7.32,173.41,coffee
31,69,8,22.53,46.14,5.95,148.3,pigeonpeas
77,45,32,25.54,91.31,6.5,164.16,jute
89,56,38,21.98,81.23,6.33,137.75,jute
67,38,48,21.34,88.09,6.56,155.69,jute
63,48,39,32.98,85.52,7.19,172.52,papaya
26,73,14,30.54,66.55,6.84,57.57,lentil
20,124,211,19.39,84.82,6.27,56.81,grapes
83,58,24,24.37,83.3,6.71,192.89,rice
13,10,12,20.11,87.29,7.39,137.9,orange
16,51,24,27.7,84.71,6.86,45.23,mungbean
14,26,32,30.18,54.68,5.81,131.65,mango
11,74,24,15.91,23.91,5.8,94.22,kidneybeans
22,134,205,25.68,83.19,5.52,55.92,grapes
12,61,18,32.36,84.61,5.96,58.7,mungbean
15,23,14,23.57,90.65,6.65,98.18,orange
10,64,21,25.18,45.81,5.75,147.57,pigeonpeas
114,73,36,29.36,83.66,6.5,121.01,banana
74,51,63,24.36,83.24,6.22,204.5,rice
31,76,20,25.33,27.74,5.26,207.34,pigeonpeas
35,18,49,21.7,92.0,6.26,110.9,pomegranate
94,43,22,24.29,48.27,6.26,197.68,coffee
83,19,52,30.66,97.35,5.85,23.58,muskmelon
30,77,22,26.8,63.87,7.74,79.0,blackgram
55,74,56,35.43,92.88,6.1,115.88,papaya
43,58,49,33.24,99.57,6.85,91.1,papaya
20,4,43,19.96,89.7,6.25,123.14,pomegranate
25,83,24,20.37,21.42,6.26,113.2,kidneybeans
45,68,76,18.67,15.56,7.15,76.12,chickpea
22,36,15,28.29,90.52,6.6,45.17,mungbean
22,46,17,25.52,81.56,6.16,47.09,mungbean
20,22,27,37.01,47.54,5.84,105.83,mango
23,49,24,28.19,54.39,6.33,161.03,pigeonpeas
108,10,48,27.62,93.42,5.31,25.33,muskmelon
21,8,25,29.56,35.0,5.24,55.38,mango
17,38,19,29.47,52.91,6.95,77.2,mothbeans
36,74,12,28.94,32.53,6.34,135.87,pigeonpeas
94,15,56,26.04,94.75,6.89,10.65,muskmelon
92,45,55,23.47,95.6,6.65,204.29,rice
15,32,32,16.94,92.94,5.57,102.29,pomegranate
96,26,45,27.05,90.38,6.37,19.34,muskmelon
15,76,25,28.8,59.83,5.21,200.02,pigeonpeas
28,155,179,16.23,91.26,5.29,112.92,apple
11,54,24,29.15,80.03,6.8,33.8,mungbean
89,43,44,22.79,82.43,6.34,265.03,rice
14,71,15,16.78,16.02,5.96,122.17,kidneybeans
17,129,183,21.33,95.23,5.9,129.19,apple
73,56,41,21.84,78.42,6.67,208.09,rice
21,27,31,29.09,49.54,6.15,97.28,mango
62,81,61,30.67,89.91,6.64,186.61,papaya
25,36,21,30.01,68.28,7.24,61.41,mothbeans
112,60,23,26.48,86.13,7.11,98.57,cotton
16,7,43,20.18,93.88,5.96,94.62,pomegranate
5,80,18,28.7,59.97,5.11,128.72,pigeonpeas
52,53,54,34.64,95.47,7.09,154.28,papaya
19,60,21,23.35,57.49,7.43,57.15,lentil
99,46,21,22.48,65.12,5.86,56.2,maize
51,64,72,15.87,10.0,8.12,63.45,chickpea
84,19,54,29.55,95.2,6.09,19.74,muskmelon
123,39,11,21.21,76.25,7.11,103.04,cotton
16,69,29,14.28,13.66,5.77,106.02,kidneybeans
31,62,86,24.01,17.97,6.82,86.67,chickpea
18,32,19,31.62,77.36,6.28,49.52,mungbean
88,11,31,27.38,57.13,6.59,170.61,coffee
92,36,40,22.23,60.46,7.53,169.38,coffee
17,16,11,20.23,92.58,6.94,108.11,orange
87,18,33,26.45,88.3,6.8,45.26,watermelon
15,12,10,21.32,93.95,6.82,144.37,orange
26,138,217,19.74,90.76,5.0,58.47,grapes
89,14,32,23.41,50.16,6.29,163.02,coffee
31,70,26,31.42,42.36,5.39,152.34,pigeonpeas
15,20,26,31.22,59.55,5.16,88.6,mango
20,142,176,19.45,87.09,5.8,136.23,apple
21,24,31,31.45,45.37,5.34,86.03,mango
12,31,54,20.91,91.03,6.15,115.65,pomegranate
98,16,39,26.53,64.34,7.32,138.37,coffee
16,71,19,18.05,26.79,5.5,163.73,pigeonpeas
117,35,30,21.15,53.49,7.44,193.64,coffee
14,154,180,23.03,81.84,6.77,50.13,grapes
83,32,25,30.06,84.51,7.03,79.57,cotton
17,10,28,18.0,86.31,6.02,117.36,pomegranate
43,62,54,30.42,91.78,6.64,128.21,papaya
17,148,204,20.32,91.25,6.56,107.3,apple
30,66,15,22.42,77.8,7.38,76.0,blackgram
18,67,20,20.08,62.95,5.82,163.29,pigeonpeas
82,22,44,22.66,89.96,5.75,31.72,watermelon
34,62,44,32.26,92.93,6.61,147.76,papaya
28,58,27,28.49,65.64,7.4,78.44,blackgram
24,155,179,26.39,90.32,5.87,82.89,grapes
10,63,10,26.08,70.73,6.21,62.01,lentil
80,52,37,24.65,81.35,6.44,247.85,rice
107,17,29,25.8,54.51,6.93,179.15,coffee
61,75,58,36.81,90.97,6.45,122.54,papaya
43,70,89,18.59,17.95,7.26,83.98,chickpea
89,33,36,21.23,46.27,6.8,203.79,coffee
64,23,29,18.5,90.56,6.79,151.88,jute
19,35,23,25.5,74.84,7.09,41.29,mothbeans
8,20,43,18.96,84.86,6.99,116.83,pomegranate
56,47,32,30.07,91.27,7.73,155.58,papaya
19,60,30,23.57,42.44,5.9,113.94,pigeonpeas
27,126,187,25.95,93.94,5.93,121.47,apple
34,63,19,17.78,18.74,5.78,89.83,kidneybeans
19,14,6,19.13,89.03,6.89,149.04,orange
18,35,16,29.56,56.22,6.88,35.07,mothbeans
89,56,50,25.3,80.42,6.7,206.82,rice
20,42,12,24.76,74.89,6.66,40.82,mungbean
82,19,44,28.22,86.13,6.74,66.93,watermelon
11,23,38,24.81,91.97,5.91,135.49,pomegranate
15,17,35,23.78,91.24,5.84,152.83,coconut
30,5,41,25.91,93.77,5.69,213.57,coconut
81,35,38,23.63,70.87,7.12,157.6,jute
15,13,54,22.66,86.25,6.84,111.01,pomegranate
27,57,25,22.61,15.39,5.33,125.35,kidneybeans
15,29,18,31.0,66.93,7.16,56.44,mothbeans
76,55,45,26.14,86.94,6.25,163.17,jute
28,77,15,18.11,24.42,5.62,126.46,kidneybeans
81,32,27,23.33,90.35,6.3,184.91,rice
15,61,15,22.84,59.92,6.98,50.32,lentil
53,58,49,35.43,97.01,6.8,158.38,papaya
11,17,45,17.38,93.24,6.06,97.34,pomegranate
19,18,9,20.56,90.22,6.99,62.34,orange
54,67,80,21.12,17.17,7.68,84.31,chickpea
82,52,23,29.2,77.12,6.33,168.62,jute
15,13,30,20.36,91.54,6.68,111.82,pomegranate
102,59,17,24.07,69.78,6.37,92.2,cotton
31,44,13,29.04,53.87,6.98,52.87,mothbeans
18,42,22,23.51,91.4,6.43,56.66,mungbean
27,135,201,23.19,82.41,6.19,74.01,grapes
8,49,20,28.44,82.39,7.93,64.32,mungbean
34,68,15,32.47,54.45,6.91,48.16,lentil
106,35,18,23.92,76.71,7.32,86.95,cotton
24,59,15,21.38,15.05,6.36,86.99,kidneybeans
9,19,5,30.59,40.86,5.72,62.5,mango
91,18,51,28.94,94.57,5.89,8.71,muskmelon
25,83,22,17.06,21.0,5.2,117.09,kidneybeans
17,14,11,22.11,89.83,6.13,90.14,orange
26,55,25,22.99,40.48,5.07,134.96,pigeonpeas
76,48,19,25.89,82.68,6.08,57.6,maize
80,58,39,25.3,79.53,7.02,158.31,jute
133,31,38,26.78,62.98,7.01,131.45,coffee
108,60,20,25.7,87.57,5.96,105.58,cotton
55,63,34,21.16,61.9,6.41,91.69,maize
19,56,17,28.11,74.59,6.89,44.95,lentil
12,74,24,15.59,25.48,5.45,110.06,kidneybeans
19,16,50,19.53,84.35,6.19,119.38,pomegranate
59,46,69,35.57,86.95,6.42,162.4,papaya
80,35,45,24.4,79.0,6.43,218.44,rice
11,70,26,21.98,49.85,6.27,150.37,pigeonpeas
91,21,48,32.77,93.5,6.21,23.92,muskmelon
10,40,18,23.21,81.3,6.96,65.13,mungbean
16,62,13,19.32,24.89,5.88,138.49,kidneybeans
56,50,20,24.74,65.96,5.91,108.93,maize
79,65,48,23.16,92.09,6.69,206.16,jute
11,72,25,16.74,10.0,5.78,113.73,kidneybeans
48,51,93,14.01,21.16,7.75,63.64,chickpea
124,41,31,28.64,80.16,7.51,115.66,cotton
23,38,21,32.39,57.49,7.28,46.44,mothbeans
13,147,208,17.13,94.29,6.27,114.49,apple
55,59,54,38.03,94.18,7.2,144.37,papaya
17,14,42,20.35,85.29,6.99,94.55,pomegranate
113,41,16,24.52,91.54,6.6,73.64,cotton
29,25,14,31.86,38.45,5.88,103.23,mango
24,138,196,26.04,78.45,5.15,63.64,grapes
28,26,41,30.43,56.8,4.81,143.38,mango
57,45,34,22.7,49.0,6.6,176.92,coffee
106,29,29,24.71,51.08,6.79,144.39,coffee
131,35,26,30.32,83.82,7.22,83.39,cotton
10,54,4,26.11,48.12,7.12,50.34,mothbeans
23,15,31,25.63,97.33,6.47,171.67,coconut
18,16,28,29.42,92.57,5.58,223.56,coconut
12,18,34,30.07,97.93,6.25,120.93,coconut
18,124,197,20.78,97.55,5.43,114.05,apple
19,22,12,25.34,83.6,6.88,136.14,orange
14,25,22,29.84,58.12,5.74,147.14,mango
8,22,38,33.36,57.31,5.31,127.32,mango
25,15,7,21.66,90.98,7.78,85.49,orange
105,84,42,28.22,76.22,5.96,133.94,banana
10,129,182,23.24,88.66,6.07,108.27,apple
25,137,222,22.83,89.4,5.74,89.93,grapes
43,55,27,27.18,72.28,7.73,74.85,blackgram
25,42,20,18.98,25.62,5.29,106.71,kidneybeans
25,132,185,17.23,84.16,6.07,60.73,grapes
112,73,17,22.69,75.63,7.41,72.54,cotton
10,48,15,19.1,61.6,7.1,35.31,lentil
73,84,69,26.29,78.87,6.12,93.82,banana
15,65,9,31.93,50.76,7.23,51.2,mothbeans
3,150,207,22.99,91.81,5.97,100.05,apple
71,48,42,23.82,87.25,6.25,181.54,jute
10,73,24,22.2,74.33,6.23,28.06,lentil
97,25,28,27.77,56.96,7.21,197.45,coffee
17,17,15,21.76,92.64,6.96,134.75,orange
16,53,27,22.51,54.85,6.83,46.82,lentil
44,62,14,28.97,66.1,8.27,65.24,blackgram
99,84,13,25.38,78.04,6.6,83.4,banana
32,62,9,21.02,17.58,6.02,65.6,kidneybeans
14,16,46,28.5,89.09,5.84,115.05,pomegranate
75,38,36,24.67,82.01,7.08,163.41,jute
27,60,57,30.5,89.49,5.95,181.75,papaya
25,68,27,21.99,64.56,6.53,46.09,lentil
13,24,36,28.57,95.77,5.97,211.52,coconut
22,63,18,23.02,27.7,5.18,121.59,kidneybeans
15,55,17,18.54,23.98,5.48,96.74,kidneybeans
30,44,13,32.26,51.87,6.91,68.52,mothbeans
39,62,56,35.52,93.72,6.5,159.86,papaya
32,79,80,18.97,14.36,7.36,92.38,chickpea
94,24,50,22.28,87.79,6.34,35.31,watermelon
28,32,24,34.54,47.6,5.21,91.56,mango
12,20,29,27.96,52.71,5.61,95.21,mango
91,46,20,23.63,48.67,6.2,71.36,maize
86,85,36,25.94,82.5,5.61,137.11,banana
54,39,30,24.63,77.46,5.84,273.97,rice
12,20,15,30.87,58.17,6.69,49.67,mothbeans
23,129,192,19.05,82.3,6.5,91.99,apple
25,79,29,16.92,14.37,5.53,110.21,kidneybeans
22,65,18,24.44,58.91,6.98,64.36,lentil
33,82,77,19.87,17.3,7.25,92.16,chickpea
23,71,30,21.21,21.95,6.08,84.35,kidneybeans
101,59,21,23.39,82.15,6.99,95.34,cotton
34,61,31,30.1,53.53,5.92,142.54,pigeonpeas
56,74,77,21.09,14.33,7.77,85.54,chickpea
39,58,91,18.64,10.0,7.64,71.97,chickpea
92,13,41,29.3,91.33,5.73,27.82,muskmelon
18,130,204,23.54,84.17,6.71,62.38,grapes
24,72,21,22.72,68.6,6.8,52.67,lentil
16,156,190,25.08,94.53,6.03,98.59,apple
21,58,21,28.63,79.54,6.79,60.43,mungbean
27,64,13,25.2,60.57,5.53,160.75,pigeonpeas
62,74,85,13.6,13.29,6.98,70.69,chickpea
134,58,18,24.69,73.41,7.1,85.49,cotton
13,75,73,13.51,18.56,7.85,77.94,chickpea
4,76,21,29.03,87.26,4.76,201.74,pigeonpeas
21,117,219,23.82,81.03,6.36,76.33,grapes
12,138,183,21.17,90.88,6.01,100.94,apple
29,67,18,18.46,16.82,6.54,72.85,kidneybeans
42,64,20,33.55,68.05,6.95,60.5,blackgram
47,51,14,23.58,62.8,7.08,69.71,blackgram
22,81,15,29.17,50.0,5.93,188.17,pigeonpeas
92,27,28,25.34,52.01,6.29,157.97,coffee
14,81,13,19.15,68.05,6.57,49.86,lentil
123,42,14,25.05,81.01,7.74,67.5,cotton
22,22,14,21.62,93.93,6.85,91.54,orange
5,20,44,27.19,90.63,6.73,103.09,pomegranate
18,14,16,25.51,92.32,6.49,85.48,orange
16,121,212,22.96,93.2,5.75,106.41,apple
22,60,24,25.45,77.85,6.93,69.13,mothbeans
107,26,35,22.07,58.58,7.12,81.64,coffee
17,94,21,22.84,47.36,7.46,29.86,lentil
96,49,39,24.18,66.54,6.18,87.67,maize
80,35,15,23.96,52.26,6.48,84.61,maize
7,11,50,20.17,87.31,5.9,95.9,pomegranate
111,21,46,22.07,90.51,6.28,21.5,muskmelon
85,48,27,27.17,69.46,6.3,58.76,maize
23,52,16,23.02,87.52,5.87,44.19,mungbean
94,39,41,23.43,78.43,6.68,155.43,jute
87,37,15,28.74,63.47,6.39,102.4,maize
14,75,22,23.52,57.66,6.94,27.22,lentil
39,72,64,15.62,10.03,7.36,105.99,chickpea
13,39,17,23.9,80.13,6.98,32.31,mungbean
18,16,42,27.99,90.76,5.49,160.02,coconut
21,22,58,27.23,90.06,5.67,190.64,coconut
119,71,20,23.36,84.33,6.76,81.71,cotton
23,80,17,12.37,24.1,5.45,81.21,kidneybeans
38,72,89,16.59,23.46,7.19,79.68,chickpea
30,49,16,30.97,50.83,7.06,42.84,mothbeans
97,13,55,24.55,66.31,6.3,183.91,coffee
53,55,12,25.71,64.46,7.27,79.1,blackgram
99,48,19,29.03,84.64,6.65,87.46,cotton
59,62,19,26.35,67.74,6.48,96.4,maize
14,56,11,26.1,58.96,6.48,46.46,mothbeans
14,76,8,25.94,56.21,7.4,47.94,lentil
21,61,24,19.26,23.46,5.49,61.93,kidneybeans
90,65,52,27.56,87.45,5.49,128.09,banana
111,14,53,23.47,85.91,6.86,35.28,watermelon
26,138,202,25.57,78.0,5.88,72.88,grapes
20,56,17,24.1,67.15,6.45,60.36,lentil
52,66,13,22.74,53.22,6.55,88.68,blackgram
86,64,42,24.52,81.63,5.63,229.2,rice
8,25,36,19.18,82.94,7.1,81.21,pomegranate
29,28,30,35.91,38.55,5.19,62.68,mango
12,15,34,25.35,95.76,5.79,204.0,coconut
120,40,22,23.01,84.4,7.03,73.69,cotton
7,43,8,30.25,32.35,6.81,18.83,mothbeans
16,55,21,25.05,84.97,7.01,45.74,mungbean
23,58,11,18.61,47.21,6.69,42.39,lentil
26,113,198,20.53,80.99,6.39,74.58,grapes
22,59,16,31.75,62.36,5.68,151.38,pigeonpeas
89,83,45,29.36,86.56,6.35,111.12,banana
80,44,21,18.96,57.23,6.78,71.86,maize
129,102,50,27.77,86.8,5.94,91.87,banana
90,17,56,29.64,89.88,6.06,29.26,muskmelon
28,153,190,23.7,80.64,5.22,65.34,grapes
10,69,24,18.92,71.56,7.23,57.45,lentil
95,14,57,26.53,84.06,7.06,47.45,watermelon
95,89,31,29.36,85.26,6.04,100.46,banana
8,123,191,21.99,91.56,5.85,120.16,apple
16,32,33,28.57,61.35,5.82,109.6,mango
24,57,20,29.86,69.38,6.99,54.67,mothbeans
101,84,41,26.23,78.97,6.64,63.39,banana
18,7,12,18.68,92.3,6.78,88.45,orange
20,16,10,21.67,91.65,7.35,122.18,orange
20,133,188,24.82,92.23,5.83,97.05,apple
80,40,39,25.92,84.54,6.83,165.5,jute
18,28,22,32.31,43.9,5.64,112.56,mango
72,52,46,23.96,82.59,6.91,212.25,rice
13,138,196,25.67,91.32,5.14,59.51,grapes
38,63,60,21.24,10.64,7.4,111.11,chickpea
55,67,46,34.51,91.01,6.99,146.24,papaya
104,27,34,23.63,64.23,6.08,92.98,maize
106,15,42,25.56,90.63,6.26,41.32,muskmelon
56,66,51,35.67,99.64,7.38,128.94,papaya
75,45,58,26.62,92.4,6.5,172.88,jute
57,39,9,20.07,73.43,5.92,137.65,maize
13,125,187,19.81,90.55,6.0,129.31,apple
32,65,4,25.55,47.36,5.29,134.54,pigeonpeas
119,26,26,24.84,63.09,6.94,225.2,coffee
10,130,207,23.37,96.06,6.38,106.29,apple
19,4,35,26.92,98.04,6.05,138.03,coconut
16,60,19,25.3,61.85,7.12,49.68,lentil
19,36,31,33.14,58.25,5.86,75.59,mango
84,12,64,28.14,91.27,5.92,27.58,muskmelon
92,56,44,26.23,76.92,7.44,176.08,jute
138,67,16,18.0,69.51,7.43,79.06,cotton
19,22,11,23.76,86.99,7.15,95.3,orange
17,19,38,16.37,96.38,6.44,135.62,pomegranate
45,83,18,29.21,66.54,8.06,36.51,blackgram
70,40,34,22.27,82.24,6.07,238.11,rice
30,42,20,28.15,47.98,6.11,54.84,mothbeans
76,14,54,29.93,89.96,6.28,19.22,muskmelon
91,18,69,22.41,95.2,7.3,48.83,watermelon
11,73,14,23.38,56.75,7.23,35.96,lentil
22,72,21,26.69,36.05,6.53,204.22,pigeonpeas
27,131,196,25.31,78.29,5.86,71.82,grapes
28,37,28,28.94,59.87,7.53,33.33,mothbeans
16,19,49,19.17,85.97,6.5,71.14,pomegranate
56,49,47,21.76,82.25,7.23,222.2,jute
94,19,43,21.37,91.21,6.79,50.79,watermelon
90,24,28,27.16,54.74,6.47,150.21,coffee
52,52,48,25.89,76.8,6.25,187.36,jute
16,137,192,19.91,91.78,6.04,83.27,apple
64,64,54,24.53,78.15,6.94,188.77,jute
26,10,13,27.04,91.99,6.67,112.46,orange
21,12,23,28.96,43.63,5.78,91.79,mango
22,88,20,17.43,19.21,5.63,132.46,kidneybeans
95,14,49,20.78,84.62,7.1,42.67,watermelon
19,87,30,35.88,46.41,5.95,104.5,pigeonpeas
106,42,2,25.2,76.78,7.34,87.8,cotton
13,16,6,16.22,94.18,7.23,119.34,orange
119,16,61,25.53,79.88,7.24,61.89,watermelon
106,16,47,33.91,94.82,6.1,28.57,muskmelon
121,59,17,25.21,79.65,7.07,66.91,cotton
30,84,14,15.57,14.71,5.61,114.33,kidneybeans
30,69,84,21.08,16.88,7.15,67.59,chickpea
36,68,24,36.15,71.62,7.56,60.41,blackgram
2,82,24,18.77,60.14,7.53,63.37,lentil
77,49,23,24.16,85.02,6.53,156.57,jute
14,22,42,20.97,93.52,6.59,135.93,pomegranate
111,21,53,26.02,91.4,6.37,28.4,muskmelon
21,18,29,26.66,89.24,6.04,191.19,coconut
109,74,64,27.28,76.64,6.27,122.86,banana
93,27,66,33.49,91.42,5.69,5.26,muskmelon
107,91,47,24.53,86.37,5.96,139.61,banana
60,33,22,26.14,78.47,6.12,106.57,maize
28,69,25,31.93,69.78,6.92,54.67,lentil
23,130,207,20.46,81.85,6.16,70.5,grapes
112,22,28,22.03,56.32,7.07,162.36,coffee
35,68,62,16.92,13.95,7.09,82.29,chickpea
30,52,7,26.41,82.19,6.89,16.5,mungbean
6,66,20,23.84,63.84,6.92,58.27,lentil
30,66,26,22.43,77.28,7.55,61.1,blackgram
106,74,53,25.54,75.51,5.75,97.49,banana
107,54,42,24.64,78.76,7.17,162.74,jute
25,18,25,33.98,43.91,5.58,126.52,mango
18,40,18,32.8,61.02,7.23,28.76,mothbeans
24,42,19,33.01,43.57,7.61,45.17,mothbeans
106,22,60,31.04,86.22,6.61,31.72,watermelon
31,70,14,27.45,75.6,7.43,70.37,blackgram
28,14,13,24.53,91.15,7.53,51.83,orange
109,15,44,28.06,78.55,6.38,53.94,watermelon
14,145,182,16.54,97.61,5.34,115.68,apple
19,122,163,18.88,95.34,5.74,108.61,apple
87,31,35,19.62,49.03,7.16,180.9,coffee
29,79,20,31.51,64.18,6.76,79.26,blackgram
80,21,41,23.98,92.33,5.94,31.61,watermelon
101,43,24,25.25,78.07,6.98,82.14,cotton
91,56,22,23.31,64.5,6.0,79.39,maize
36,92,19,24.79,63.93,7.31,93.1,blackgram
20,135,199,24.28,79.25,5.8,74.31,grapes
32,65,61,19.64,16.01,6.97,89.89,chickpea
23,147,190,22.22,84.39,5.77,72.29,grapes
30,17,32,24.11,93.07,5.8,154.27,coconut
104,94,40,26.17,76.38,6.13,97.82,banana
14,37,26,30.83,87.44,7.13,37.45,mungbean
40,41,18,27.81,56.96,6.93,69.26,mothbeans
122,37,22,22.13,78.62,7.31,98.18,cotton
24,86,19,15.46,17.74,5.26,89.3,kidneybeans
124,47,21,18.34,78.14,6.63,66.82,cotton
101,12,53,23.63,90.23,6.81,44.05,watermelon
21,17,40,26.77,94.05,5.66,185.77,coconut
27,139,224,21.63,85.46,5.89,87.86,grapes
16,143,207,21.04,96.8,6.52,130.66,apple
45,55,46,35.62,91.08,5.98,140.79,papaya
89,48,34,23.58,79.53,6.16,255.49,rice
115,16,60,23.56,86.34,6.58,49.46,watermelon
97,31,30,27.29,45.85,7.46,172.13,coffee
19,135,203,21.99,97.12,5.5,110.72,apple
35,152,198,22.27,85.49,5.86,52.65,grapes
17,30,36,37.58,57.65,5.68,77.19,mango
9,13,26,28.89,93.97,6.35,141.88,coconut
33,87,12,28.75,61.8,6.95,45.24,lentil
19,46,23,28.87,75.02,6.25,59.15,mungbean
111,13,51,26.99,91.59,5.91,20.7,muskmelon
26,23,29,30.98,92.23,5.99,181.13,coconut
24,12,5,21.15,96.7,7.26,124.08,orange
113,18,47,29.7,92.82,6.81,34.33,muskmelon
21,25,10,23.79,89.07,7.31,99.47,orange
11,67,17,15.28,68.53,6.34,138.71,pigeonpeas
31,120,225,21.22,92.11,5.47,96.57,apple
41,71,76,19.81,14.28,7.55,74.46,chickpea
42,65,17,31.57,69.43,7.0,84.23,blackgram
106,40,39,22.48,63.07,6.53,171.6,coffee
45,80,12,14.03,23.41,5.92,115.98,kidneybeans
22,11,20,22.57,96.45,6.23,196.09,coconut
42,64,83,18.11,16.84,7.83,64.9,chickpea
26,41,19,26.64,45.11,6.8,46.77,mothbeans
17,46,14,27.89,44.89,6.24,53.88,mothbeans
25,137,181,22.85,78.97,5.81,84.15,grapes
48,72,93,21.02,15.31,6.81,76.86,chickpea
12,13,15,19.56,92.54,7.09,135.96,orange
18,66,22,21.35,66.06,6.75,30.15,lentil
44,50,18,26.56,71.62,7.53,36.88,blackgram
108,78,42,26.04,79.78,6.54,66.32,banana
30,11,38,28.64,91.08,6.69,180.79,coconut
27,16,15,25.4,93.29,7.2,118.45,orange
64,44,41,25.03,85.56,5.95,183.98,rice
5,43,7,32.11,79.57,7.2,59.35,mungbean
12,19,34,24.9,91.23,5.89,183.74,coconut
22,127,198,24.88,72.6,5.37,60.45,grapes
9,22,22,27.72,47.85,6.92,49.09,mothbeans
25,23,32,30.36,100.0,6.11,150.18,coconut
11,66,18,25.28,23.16,5.15,93.7,kidneybeans
30,16,28,26.31,96.58,6.05,182.28,coconut
34,55,15,27.85,51.4,6.97,71.77,mothbeans
101,78,31,27.94,89.86,6.19,117.18,banana
11,18,15,22.84,94.43,7.44,134.73,orange
117,20,44,22.2,88.37,6.4,26.89,watermelon
108,35,32,23.75,55.2,6.81,165.24,coffee
47,71,22,24.25,65.4,7.29,78.93,blackgram
111,22,39,26.6,94.47,6.42,15.41,muskmelon
99,28,18,27.0,59.45,7.2,159.0,coffee
114,18,47,31.14,92.36,6.1,33.24,muskmelon
15,141,195,24.75,95.63,5.64,127.87,apple
92,66,39,28.99,81.27,5.95,94.82,banana
102,43,17,22.15,54.24,5.93,64.92,maize
101,20,51,31.57,93.04,6.38,32.34,muskmelon
41,60,29,32.12,59.08,6.57,62.21,blackgram
14,128,173,25.02,95.81,5.77,106.04,apple
44,70,16,27.46,55.41,7.81,68.2,blackgram
22,52,20,21.74,54.6,7.91,44.6,mothbeans
103,15,59,21.67,86.62,5.88,52.45,watermelon
91,109,58,29.2,82.46,5.36,112.9,banana
96,18,39,30.54,90.95,6.42,45.14,watermelon
26,71,11,31.78,64.46,6.31,65.11,mothbeans
65,26,36,24.04,90.38,6.53,223.43,rice
34,14,21,23.52,97.23,5.76,168.66,coconut
18,32,23,31.43,52.51,5.11,107.17,mango
29,132,187,28.77,78.25,5.14,76.88,grapes
24,11,43,18.56,88.54,6.6,117.43,pomegranate
12,59,24,15.15,23.32,5.15,121.96,kidneybeans
21,118,190,23.97,82.3,6.77,71.22,grapes
62,39,55,23.96,89.6,6.2,148.66,jute
92,36,41,23.04,84.39,6.53,261.13,rice
111,41,24,26.88,79.51,6.87,89.29,cotton
26,46,28,26.55,89.78,6.68,40.7,mungbean
35,55,19,25.43,72.41,7.06,65.34,blackgram
23,88,39,19.82,20.08,5.91,122.75,kidneybeans
78,42,25,22.56,79.7,6.82,240.31,rice
24,137,194,24.7,77.36,6.52,60.49,grapes
14,129,197,18.5,96.41,5.37,138.92,apple
23,25,54,20.26,80.79,6.07,98.46,pomegranate
30,69,20,29.22,39.38,5.82,85.43,pigeonpeas
64,41,30,26.27,69.87,5.86,78.67,maize
102,40,12,16.54,59.89,5.77,117.84,maize
25,127,193,17.57,85.13,5.46,80.59,apple
22,81,22,24.57,52.56,5.57,129.16,pigeonpeas
21,18,41,28.29,96.1,6.19,171.15,coconut
25,81,23,26.61,70.72,6.24,167.21,pigeonpeas
52,55,56,33.71,92.17,7.32,158.56,papaya
56,61,39,32.0,90.16,6.52,109.4,papaya
49,52,72,16.69,11.3,7.63,77.09,chickpea
28,13,10,19.74,94.53,6.78,108.05,orange
102,52,39,24.56,76.37,7.38,233.88,rice
14,18,13,22.43,96.81,7.18,128.27,orange
16,42,18,23.02,68.12,6.84,42.16,lentil
26,24,27,34.4,62.78,5.96,81.9,mango
115,79,45,27.95,74.68,6.41,83.88,banana
125,54,48,30.45,80.61,6.3,107.0,banana
68,20,38,26.8,76.94,7.56,168.59,jute
16,131,195,18.77,78.55,5.93,68.28,grapes
63,57,42,28.38,88.34,7.05,133.98,papaya
24,143,203,27.0,91.46,6.15,128.1,apple
32,128,224,26.68,81.23,5.27,69.71,grapes
93,14,36,25.06,84.74,6.76,50.83,watermelon
135,46,10,25.1,76.52,7.25,93.92,cotton
32,85,26,18.26,16.96,5.37,115.45,kidneybeans
111,27,58,31.52,80.39,6.17,35.73,watermelon
14,81,26,29.33,46.7,6.09,128.79,pigeonpeas
12,62,21,20.41,53.05,6.05,54.65,lentil
92,14,48,23.54,92.26,6.9,25.08,muskmelon
104,79,53,27.88,84.17,6.51,106.56,banana
15,51,18,24.1,66.28,7.44,43.16,lentil
18,145,203,20.41,94.41,5.57,113.91,apple
20,76,17,13.18,29.75,6.25,79.15,kidneybeans
18,22,33,29.25,53.19,5.17,90.22,mango
102,44,18,21.25,56.88,6.04,60.52,maize
26,9,6,22.69,89.83,8.35,120.31,orange
28,26,19,29.54,38.1,5.25,102.78,mango
25,13,21,26.86,91.29,6.22,195.36,coconut
93,59,44,27.75,78.13,5.9,176.64,rice
12,18,4,23.81,93.88,6.34,141.0,orange
102,17,21,25.05,54.76,6.27,116.65,coffee
128,63,27,25.32,84.52,6.55,95.53,cotton
24,70,23,27.89,60.79,5.32,129.69,pigeonpeas
40,61,15,26.45,60.67,7.4,64.67,blackgram
90,23,59,25.03,90.53,6.19,45.06,muskmelon
28,64,15,31.23,74.15,6.22,36.49,mungbean
81,31,24,21.35,51.33,7.02,190.47,coffee
113,37,32,22.8,71.38,6.19,207.23,rice
101,20,52,29.37,93.3,5.69,29.09,muskmelon
35,81,42,32.51,92.77,6.58,134.75,papaya
55,51,43,35.84,91.76,6.81,134.34,papaya
10,31,22,27.36,86.9,6.98,51.19,mungbean
26,131,204,23.31,85.34,5.38,64.55,grapes
30,30,25,27.24,53.17,5.65,126.48,mango
27,52,23,28.0,87.07,7.34,44.58,mungbean
43,76,92,18.7,14.98,6.95,67.6,chickpea
81,51,10,19.76,73.43,6.28,98.63,maize
26,43,33,30.44,58.26,6.28,85.4,mango
14,7,51,18.94,94.65,6.83,81.28,pomegranate
22,13,52,26.66,97.88,5.27,161.75,coconut
21,7,29,30.38,39.08,5.33,111.19,mango
65,69,10,23.93,70.07,6.47,81.29,maize
19,18,35,28.4,95.38,5.9,159.1,coconut
23,51,13,25.36,70.99,6.43,74.84,mothbeans
100,88,52,29.62,79.63,5.93,116.85,banana
28,21,15,29.65,94.28,6.06,153.38,coconut
65,39,41,22.99,74.25,6.43,198.13,rice
16,63,14,31.89,45.41,5.98,132.89,pigeonpeas
79,25,28,24.79,58.29,6.86,98.62,coffee
51,68,71,18.51,12.28,7.03,77.83,chickpea
24,21,30,32.36,92.19,6.6,173.47,coconut
23,56,22,26.38,28.92,5.37,137.59,pigeonpeas
44,51,55,29.79,96.0,7.0,142.51,papaya
107,17,56,29.2,90.72,6.35,22.81,muskmelon
15,37,24,25.61,80.25,6.12,42.21,mungbean
76,40,41,28.63,72.66,6.67,181.62,rice
112,31,35,28.82,56.8,6.35,191.53,coffee
30,56,23,29.06,63.89,6.93,63.42,blackgram
28,17,42,23.5,87.48,6.75,52.85,pomegranate
30,128,197,28.51,96.33,5.23,119.74,apple
94,9,48,26.87,94.03,6.02,44.88,watermelon
50,74,88,17.35,11.91,7.3,77.45,chickpea
91,7,53,25.22,87.78,6.41,44.83,watermelon
108,82,64,28.33,75.89,5.58,121.36,banana
98,26,35,24.01,72.55,6.88,151.0,coffee
96,28,28,29.37,49.01,6.55,111.1,coffee
31,58,17,19.39,24.92,5.6,93.05,kidneybeans
36,50,18,23.17,50.37,6.63,64.4,mothbeans
77,20,53,21.97,77.35,7.11,66.97,watermelon
37,57,13,27.88,70.16,7.47,60.55,blackgram
89,72,57,26.11,75.73,5.74,118.98,banana
111,36,23,26.73,84.69,7.2,77.33,cotton
14,77,26,12.46,16.35,5.1,92.0,kidneybeans
63,45,7,24.2,70.18,6.11,116.48,maize
93,12,47,27.28,92.81,6.5,17.37,muskmelon
24,17,15,22.67,87.55,7.58,91.05,orange
21,26,23,22.24,98.54,6.51,140.01,pomegranate
84,58,22,22.22,63.43,6.27,84.26,maize
119,23,57,29.11,88.65,6.38,31.76,muskmelon
29,134,195,30.44,81.53,6.47,63.98,grapes
50,68,56,33.37,88.73,6.13,144.66,papaya
101,12,47,32.17,92.96,6.39,39.17,muskmelon
13,14,10,20.95,94.71,7.09,128.16,orange
111,16,48,27.59,89.67,6.22,21.84,muskmelon
83,46,34,26.3,84.2,5.82,158.69,jute
20,139,228,21.74,73.67,5.2,67.74,grapes
85,58,50,24.17,75.28,6.68,153.18,jute
38,49,38,23.03,81.58,7.17,163.1,jute
97,35,31,24.68,54.19,6.87,183.91,coffee
115,40,21,24.2,79.88,7.07,71.4,cotton
28,17,42,24.87,89.47,5.87,149.86,pomegranate
111,58,14,21.07,79.74,6.59,62.3,cotton
19,68,11,19.54,23.86,5.68,127.49,kidneybeans
27,16,8,20.01,91.28,6.83,121.07,orange
105,17,29,22.82,60.86,6.93,171.03,coffee
32,79,12,19.87,27.64,5.85,126.82,kidneybeans
12,127,189,23.76,78.82,6.3,65.68,grapes
23,141,235,19.8,81.48,5.53,93.88,grapes
45,74,91,20.23,14.79,7.57,108.5,chickpea
18,22,43,28.66,55.88,5.48,85.79,mango
21,14,38,16.79,89.57,6.84,120.71,pomegranate
73,51,58,31.82,88.74,6.74,158.23,papaya
3,83,11,17.2,18.85,5.94,73.04,kidneybeans
108,20,17,26.67,71.95,6.4,189.55,coffee
24,20,47,20.51,94.81,6.4,108.16,pomegranate
17,64,15,30.32,86.78,7.2,39.99,mungbean
43,45,45,32.01,84.89,6.62,165.11,papaya
31,63,20,18.17,25.24,4.8,92.87,kidneybeans
21,56,16,29.09,56.11,5.86,80.23,mothbeans
25,23,30,24.23,97.17,6.47,197.46,coconut
20,52,30,23.51,70.58,6.57,49.7,lentil
11,14,44,18.8,88.8,5.75,110.74,pomegranate
20,23,35,29.81,62.74,6.29,77.17,mango
9,71,13,29.13,69.19,6.74,37.06,lentil
29,85,21,24.78,61.47,7.14,93.57,blackgram
112,90,67,26.06,73.57,5.8,109.18,banana
89,18,55,28.61,77.55,6.4,55.36,watermelon
120,67,62,28.35,71.42,7.08,103.73,banana
104,25,53,30.54,87.7,6.92,46.12,watermelon
20,19,7,20.62,93.05,7.14,120.15,orange
71,58,25,28.54,69.67,6.16,96.81,maize
15,78,20,22.57,54.56,6.54,26.3,lentil
86,92,54,29.1,81.62,6.06,70.48,banana
28,64,20,18.08,11.4,5.69,91.21,kidneybeans
57,62,45,31.11,87.68,6.36,191.05,papaya
2,55,20,31.61,79.52,5.43,51.35,mungbean
27,15,31,27.82,88.73,6.13,138.57,coconut
123,39,21,21.24,87.58,6.27,104.65,cotton
15,18,48,31.59,85.02,6.58,92.85,pomegranate
40,51,50,33.23,96.63,6.85,74.31,papaya
90,52,12,22.86,64.97,5.84,115.07,maize
135,50,16,26.4,82.83,6.91,85.33,cotton
24,149,206,19.91,87.14,5.45,113.46,apple
30,130,189,26.87,87.92,5.53,51.94,grapes
105,16,39,27.48,61.86,7.34,170.31,coffee
82,34,31,27.34,52.92,7.06,180.1,coffee
99,13,48,25.01,78.12,6.31,54.65,watermelon
53,62,44,26.21,74.62,7.0,181.88,jute
41,71,6,25.41,72.1,7.21,65.79,blackgram
16,15,26,34.25,49.8,5.95,128.29,mango
120,28,15,23.11,81.04,6.74,59.25,cotton
85,60,40,27.13,68.9,6.73,232.61,rice
25,13,6,21.08,89.1,7.23,86.76,orange
28,132,210,22.69,87.36,6.12,59.81,grapes
34,68,15,30.98,73.22,7.34,92.28,blackgram
16,49,16,26.79,81.57,6.13,49.75,mungbean
79,22,35,25.74,89.43,5.92,38.91,watermelon
97,50,20,18.92,70.97,6.56,128.27,maize
4,66,25,21.32,61.9,6.83,11.21,lentil
24,80,14,20.04,26.96,4.99,111.39,kidneybeans
30,135,181,16.44,82.74,5.91,55.35,grapes
80,43,26,23.16,80.29,6.08,225.16,rice
17,23,9,19.09,98.53,6.27,95.23,orange
35,75,90,19.27,23.39,6.84,77.1,chickpea
21,147,217,20.66,76.16,6.51,52.97,grapes
102,18,51,24.79,90.42,6.4,22.44,muskmelon
16,141,197,20.84,89.56,5.59,118.4,apple
11,59,27,27.06,62.09,7.24,50.09,lentil
20,52,24,30.2,43.14,6.66,67.92,mothbeans
18,51,17,25.46,47.15,6.56,55.39,mothbeans
76,48,13,21.67,57.92,6.23,119.23,maize
37,48,86,15.28,16.3,7.41,100.41,chickpea
21,16,34,22.01,87.82,7.13,81.61,pomegranate
97,14,39,22.43,85.99,6.63,51.78,watermelon
13,18,12,19.69,96.56,6.87,140.6,orange
10,64,25,31.27,48.37,6.73,28.5,mothbeans
89,49,26,22.76,65.63,5.5,103.33,maize
29,77,29,24.58,45.7,4.98,138.23,pigeonpeas
10,13,31,23.99,87.21,6.45,99.38,pomegranate
35,75,19,22.89,60.3,5.32,198.85,pigeonpeas
25,134,222,26.91,75.52,5.52,78.68,grapes
22,37,11,25.78,64.92,7.28,53.65,mothbeans
31,85,23,15.36,30.94,5.49,98.3,kidneybeans
27,76,19,29.18,45.62,6.89,56.9,mothbeans
74,48,53,22.91,81.02,6.88,188.0,jute
17,137,204,21.49,93.91,5.49,124.2,apple
120,50,13,18.47,75.9,7.48,86.69,cotton
21,58,19,19.6,50.85,7.05,41.39,lentil
88,37,29,25.09,45.96,7.21,174.68,coffee
106,67,58,25.89,80.06,5.96,79.57,banana
31,152,202,25.53,83.01,6.21,68.21,grapes
8,45,19,29.88,85.23,6.95,56.44,mungbean
54,74,56,37.44,88.86,6.83,145.88,papaya
63,45,34,24.92,60.43,6.53,112.99,maize
101,30,41,26.42,59.61,6.42,175.78,coffee
95,22,51,27.11,76.13,4.93,53.41,watermelon
0,66,10,31.82,55.77,6.03,195.63,pigeonpeas
43,78,9,30.23,62.79,7.15,74.88,blackgram
8,41,24,27.41,82.68,6.72,27.05,mungbean
34,44,79,23.27,20.63,7.69,98.54,chickpea
14,77,17,26.53,41.64,6.67,140.36,pigeonpeas
82,52,45,24.45,78.05,6.59,286.46,rice
89,27,26,28.17,53.82,6.78,171.67,coffee
101,25,37,21.83,61.13,6.46,146.22,coffee
81,44,22,26.22,56.79,6.35,71.0,maize
15,12,8,17.9,89.64,7.78,124.71,orange
101,14,43,30.1,94.54,6.64,36.12,muskmelon
24,133,216,24.91,93.24,5.92,125.15,apple
44,52,51,32.28,91.18,7.24,180.45,papaya
40,70,12,28.34,69.88,6.48,71.01,blackgram
88,26,53,25.32,83.75,6.62,53.36,watermelon
34,68,83,16.57,18.12,7.11,79.78,chickpea
3,16,8,18.81,90.34,6.77,109.04,orange
18,12,33,24.91,90.55,6.18,117.19,pomegranate
50,62,49,28.82,93.54,7.47,152.23,papaya
19,125,192,17.46,93.65,5.87,77.9,apple
14,82,24,16.67,18.6,5.82,114.26,kidneybeans
20,53,18,20.67,23.88,5.9,106.0,kidneybeans
106,24,54,25.31,80.07,6.71,75.88,watermelon
80,46,55,23.11,88.88,6.71,129.11,jute
20,25,32,27.55,48.45,6.0,107.84,mango
17,17,49,24.82,89.31,6.84,114.15,pomegranate
41,64,23,27.16,64.54,7.57,73.13,blackgram
108,50,25,24.63,75.99,7.08,71.96,cotton
24,82,24,13.49,26.26,5.3,97.32,kidneybeans
17,25,11,26.72,97.52,5.86,164.87,coconut
68,40,49,24.66,79.35,6.61,232.91,rice
19,69,20,26.76,73.15,6.66,38.61,lentil
86,50,31,23.38,61.56,6.35,95.87,maize
39,69,78,17.05,16.84,7.48,63.64,chickpea
91,25,52,29.99,87.5,6.88,34.41,muskmelon
22,20,7,23.87,95.38,6.96,150.04,orange
24,18,40,20.44,94.85,5.9,119.16,pomegranate
43,73,64,21.69,13.58,7.36,104.18,chickpea
29,59,22,23.74,75.06,7.06,43.18,lentil
68,66,20,18.71,66.02,6.03,101.81,maize
28,56,24,18.04,16.23,5.54,118.73,kidneybeans
30,20,35,28.23,92.8,5.88,152.44,coconut
70,21,62,28.35,88.91,6.19,38.16,muskmelon
106,17,54,22.57,92.79,6.9,33.86,watermelon
32,34,24,25.79,38.85,6.91,65.14,mothbeans
68,44,5,21.64,45.61,5.67,100.21,maize
86,59,27,24.38,64.44,5.64,93.59,maize
39,46,19,30.99,70.03,5.98,23.2,mothbeans
24,63,88,15.24,17.47,6.76,87.0,chickpea
48,64,11,31.23,63.36,7.11,92.11,blackgram
82,62,38,25.97,83.96,7.64,178.62,jute
62,48,56,30.15,92.32,6.98,125.51,papaya
12,75,13,20.0,23.31,5.01,91.45,kidneybeans
115,19,57,28.03,95.17,6.56,24.11,muskmelon
15,16,9,21.01,92.24,7.02,125.22,orange
46,59,16,27.64,50.63,6.97,78.99,blackgram
23,69,8,21.42,70.38,6.97,60.17,lentil
51,53,26,21.27,44.27,6.08,92.84,maize
10,38,21,27.76,47.21,6.56,60.44,mothbeans
21,18,35,14.85,91.49,6.98,95.18,pomegranate
1,38,30,26.25,41.26,6.7,81.02,mothbeans
94,12,52,25.56,86.94,6.09,30.79,watermelon
105,17,53,25.64,90.62,6.77,52.31,watermelon
14,43,22,29.05,80.51,6.5,60.89,mungbean
77,46,26,22.91,82.55,5.94,241.27,rice
84,21,48,26.69,91.9,6.42,31.16,muskmelon
26,66,15,30.53,55.21,5.34,190.66,pigeonpeas
62,47,20,21.34,82.98,6.7,235.14,rice
101,26,34,26.81,44.72,6.84,219.9,coffee
25,46,17,31.11,38.77,6.31,44.04,mothbeans
46,89,80,16.82,15.09,7.85,70.31,chickpea
134,83,58,23.44,87.51,6.31,95.32,banana
21,45,19,28.64,43.07,6.29,29.17,mothbeans
41,87,70,16.97,18.57,7.37,85.26,chickpea
13,75,28,23.05,63.07,7.49,52.07,lentil
97,19,56,26.83,83.34,6.63,55.76,watermelon
27,18,33,30.96,47.33,6.05,112.58,mango
94,47,44,27.69,76.88,6.57,175.4,jute
30,65,40,32.98,91.06,6.96,147.7,papaya
22,78,10,27.24,65.3,7.34,45.16,lentil
64,62,37,34.52,88.51,7.26,121.43,papaya
104,18,49,27.43,91.16,5.89,42.84,watermelon
35,67,106,14.49,17.27,7.49,96.29,chickpea
15,58,23,23.37,82.3,6.85,58.05,mungbean
103,21,53,24.9,93.95,6.57,15.43,muskmelon
16,73,31,17.43,24.6,5.18,85.87,kidneybeans
15,61,16,25.58,85.38,6.97,46.3,mungbean
54,73,48,31.78,93.6,5.99,136.08,papaya
6,71,9,26.73,34.32,6.79,177.34,pigeonpeas
16,49,20,29.44,50.31,5.88,43.51,mothbeans
104,23,28,27.76,66.54,6.34,120.73,coffee
24,54,21,27.03,87.96,6.97,51.69,mungbean
117,19,60,26.82,75.79,7.02,51.62,watermelon
26,126,224,21.69,87.72,6.07,73.78,grapes
41,57,51,20.31,20.52,6.35,64.85,chickpea
97,23,40,26.61,76.64,6.16,35.45,watermelon
21,27,19,32.67,55.06,5.97,113.93,mango
19,13,8,22.09,92.34,6.82,104.54,orange
17,22,10,19.42,94.04,6.88,122.41,orange
70,47,39,23.56,85.07,6.7,214.08,rice
76,37,31,22.37,81.61,6.54,238.3,rice
11,110,197,24.74,76.37,5.56,78.42,grapes
94,43,31,23.59,81.6,6.02,119.72,maize
31,44,16,22.09,54.03,7.82,54.16,mothbeans
27,72,16,21.15,62.27,6.5,46.57,lentil
120,44,6,24.06,81.51,6.7,56.91,cotton
72,42,30,23.11,83.89,6.7,202.34,rice
28,132,193,19.79,91.83,5.87,116.13,apple
14,25,9,18.99,90.92,6.48,138.68,orange
20,115,207,27.82,83.39,5.66,70.67,grapes
28,69,11,23.79,47.26,5.76,209.18,pigeonpeas
22,15,32,28.26,91.29,5.57,191.24,coconut
94,5,28,24.14,56.0,7.01,180.91,coffee
23,23,10,23.88,89.96,7.12,136.59,orange
15,7,8,18.59,92.69,6.74,132.23,orange
18,65,26,20.76,14.77,5.72,90.81,kidneybeans
133,44,16,21.66,77.56,6.08,65.5,cotton
98,21,47,27.49,73.04,6.09,61.75,watermelon
109,73,50,28.37,69.67,6.85,99.34,banana
128,78,37,26.19,80.07,6.23,93.17,banana
99,8,42,30.69,83.78,6.87,28.17,muskmelon
15,18,17,24.99,91.76,7.27,121.55,orange
21,120,208,22.05,71.22,5.85,84.72,grapes
38,44,14,28.74,80.99,7.29,44.6,mungbean
29,89,10,12.36,30.35,5.86,87.63,kidneybeans
30,129,214,24.62,84.23,6.17,45.93,grapes
71,53,29,25.06,89.21,5.41,206.09,rice
57,41,49,24.43,75.77,6.47,241.56,rice
53,60,45,31.51,92.22,7.68,149.53,papaya
22,49,19,31.58,52.16,6.24,44.1,mothbeans
41,67,25,30.0,76.82,6.7,70.04,blackgram
82,48,59,25.9,79.12,6.04,244.76,rice
28,51,21,29.16,86.62,7.21,63.54,mungbean
27,63,19,15.02,10.0,5.62,153.25,kidneybeans
32,63,27,29.04,55.11,7.6,78.97,blackgram
16,49,10,26.36,79.54,6.75,59.93,mungbean
54,48,36,22.65,85.06,6.81,257.94,rice
8,59,22,29.15,64.22,7.03,57.43,lentil
89,77,40,25.36,73.56,5.64,133.39,banana
26,54,27,18.78,19.15,5.76,69.48,kidneybeans
89,45,31,24.15,78.61,6.79,225.59,rice
53,47,66,31.59,93.97,7.01,138.51,papaya
69,48,24,20.82,66.49,6.0,72.77,maize
27,63,22,18.88,19.83,5.39,91.19,kidneybeans
86,91,53,29.63,79.92,5.65,100.73,banana
30,63,88,20.64,14.81,7.15,74.12,chickpea
66,62,82,23.63,26.03,8.12,98.13,chickpea
18,35,28,32.29,49.09,5.68,87.45,mango
123,17,52,27.8,89.53,7.05,19.78,muskmelon
99,12,40,21.98,81.38,6.65,40.45,watermelon
43,65,23,28.81,53.39,7.13,83.73,blackgram
104,79,42,25.52,78.93,4.56,90.97,banana
74,46,47,25.9,77.92,6.65,167.02,jute
92,21,17,25.21,53.45,7.19,122.82,coffee
24,6,16,28.64,92.36,5.5,206.77,coconut
124,61,21,24.43,80.09,7.61,72.62,cotton
15,52,22,31.58,40.42,7.17,58.86,mothbeans
59,79,76,22.84,16.34,7.64,87.27,chickpea
26,46,13,31.17,82.05,6.33,45.86,mungbean
42,49,49,36.51,91.98,6.52,103.86,papaya
14,28,21,30.38,51.78,6.57,47.61,mothbeans
110,44,22,21.03,77.93,6.95,80.93,cotton
28,47,27,23.88,87.6,7.45,53.04,mungbean
93,17,60,30.6,92.68,6.04,16.31,muskmelon
71,89,60,23.83,80.88,6.18,103.54,banana
25,130,197,25.81,95.89,5.79,99.38,apple
111,63,38,25.94,85.23,6.95,201.05,rice
100,13,54,27.88,90.49,6.84,14.0,muskmelon
76,42,13,23.89,80.85,6.68,285.47,rice
16,42,24,27.53,81.79,7.37,37.73,mungbean
86,17,55,21.55,90.52,6.35,65.09,watermelon
125,56,19,26.93,69.81,6.48,83.28,cotton
39,71,85,20.94,18.78,7.34,77.04,chickpea
69,15,63,23.57,82.55,6.39,36.55,watermelon
19,67,22,18.26,10.0,5.61,87.97,kidneybeans
122,12,59,24.74,84.35,5.89,46.58,watermelon
22,13,31,22.33,95.29,5.85,166.59,coconut
21,58,14,24.31,46.49,7.57,51.3,lentil
22,119,203,21.45,85.33,6.88,58.2,grapes
20,12,10,21.37,91.52,6.71,97.22,orange
89,42,25,25.92,69.97,5.67,70.46,maize
85,38,49,24.61,86.06,6.65,205.13,rice
105,43,22,22.95,74.51,7.31,74.38,maize
38,65,83,21.45,20.3,7.07,77.49,chickpea
90,41,42,24.03,82.49,6.09,230.74,rice
7,44,19,26.81,41.16,6.6,54.04,mothbeans
89,48,71,26.24,81.36,6.02,181.81,rice
95,24,58,26.11,77.47,6.48,42.92,watermelon
25,11,41,29.86,91.83,5.98,191.06,coconut
76,55,28,20.64,54.35,5.57,95.16,maize
85,54,31,23.59,70.67,6.26,113.8,maize
22,56,23,21.21,55.93,6.76,38.97,lentil
37,63,13,23.13,59.65,7.18,47.78,blackgram
96,33,16,24.13,77.52,6.27,73.9,maize
84,66,49,23.35,88.01,6.24,168.86,rice
76,42,33,27.39,87.32,7.17,187.31,jute
30,14,32,27.37,95.86,5.91,179.76,coconut
14,50,28,29.76,48.88,6.93,46.39,mothbeans
18,18,37,24.36,100.0,5.91,178.55,coconut
19,14,38,21.54,86.74,5.81,143.11,pomegranate
93,41,38,25.95,62.4,5.3,130.82,maize
29,57,90,24.13,15.48,7.23,81.05,chickpea
87,15,41,23.65,82.97,6.54,30.62,watermelon
25,64,19,29.96,28.91,6.46,152.18,pigeonpeas
105,11,61,19.42,81.58,6.46,54.95,watermelon
17,52,26,21.49,64.53,7.08,48.4,lentil
86,16,34,26.05,89.1,6.65,18.61,muskmelon
99,52,29,22.95,84.45,5.91,251.39,rice
80,25,28,27.23,41.44,6.82,171.84,coffee
23,89,13,22.98,66.85,7.21,39.29,lentil
31,70,7,28.72,65.13,7.42,82.6,blackgram
106,11,64,25.68,91.33,6.53,19.48,muskmelon
77,59,21,23.45,62.09,6.28,91.16,maize
13,66,24,27.63,42.13,5.91,171.44,pigeonpeas
81,53,23,25.09,78.69,6.63,207.1,rice
15,50,25,23.15,56.0,7.27,43.77,mothbeans
107,13,49,26.99,92.77,5.95,34.02,muskmelon
101,14,52,24.27,89.17,6.66,15.87,muskmelon
20,138,203,23.5,81.94,5.61,47.54,grapes
14,26,51,19.6,87.49,5.35,77.37,pomegranate
89,21,52,17.44,87.14,6.66,50.24,watermelon
80,61,38,22.66,79.37,6.37,189.86,jute
134,37,29,28.87,70.25,6.94,72.01,cotton
119,31,14,30.16,82.3,6.6,88.36,cotton
34,62,16,26.6,62.22,7.41,52.19,blackgram
15,8,29,21.06,85.48,6.37,85.51,pomegranate
26,77,16,18.37,30.77,5.5,83.82,kidneybeans
44,66,90,22.56,28.95,7.53,84.89,chickpea
45,68,56,32.45,88.53,6.9,116.55,papaya
36,57,78,18.08,19.9,7.82,100.94,chickpea
78,22,57,27.49,86.86,6.59,62.39,watermelon
119,23,54,33.72,89.07,7.16,16.28,muskmelon
94,43,31,29.9,62.1,6.12,114.07,maize
100,41,40,27.88,64.06,6.28,175.57,coffee
26,51,22,28.24,84.81,7.66,62.21,mungbean
52,59,82,21.93,18.51,7.38,95.02,chickpea
39,62,47,32.71,96.84,6.42,143.5,papaya
103,29,16,26.08,67.26,7.26,175.71,coffee
83,44,34,22.91,81.84,6.18,208.61,rice
118,24,39,28.67,94.21,6.65,18.97,muskmelon
83,45,33,28.29,85.17,5.59,235.59,rice
84,47,45,24.03,75.91,6.76,216.23,jute
119,49,18,23.14,74.79,6.93,64.22,cotton
29,58,23,25.93,56.47,4.74,147.03,pigeonpeas
40,65,19,27.46,48.16,7.92,70.33,blackgram
95,23,53,27.86,92.75,6.47,11.87,muskmelon
25,22,33,27.96,94.47,6.18,135.57,coconut
87,44,46,27.05,80.83,6.31,277.38,rice
26,21,14,22.28,89.99,6.44,109.2,orange
20,21,23,32.0,39.33,5.6,101.66,mango
14,46,19,27.11,60.51,5.99,74.48,mango
83,22,62,26.68,88.58,5.42,16.15,muskmelon
92,23,42,25.54,74.61,6.86,240.15,rice
29,127,214,27.43,95.64,5.94,105.36,apple
13,52,22,30.87,81.05,6.71,31.62,mungbean
39,83,39,35.85,93.29,6.23,138.89,papaya
95,84,55,28.42,85.89,6.16,77.49,banana
34,69,20,29.45,53.71,7.42,71.59,blackgram
101,24,44,31.0,89.65,6.06,30.55,muskmelon
20,157,178,25.87,93.97,5.71,144.59,apple
19,18,35,24.73,97.71,6.15,213.96,coconut
56,54,50,31.33,92.45,7.32,166.21,papaya
29,64,10,23.3,63.63,5.66,142.7,pigeonpeas
99,44,17,24.59,80.67,5.65,208.35,jute
25,149,203,21.42,86.06,5.91,113.43,apple
17,136,192,18.83,88.47,6.52,129.78,apple
70,40,22,20.06,68.27,5.62,105.58,maize
32,38,24,27.16,84.21,6.63,37.85,mungbean
24,137,201,24.79,90.02,5.67,111.76,apple
22,89,18,25.77,64.14,7.68,25.03,lentil
16,133,175,26.49,86.36,6.13,53.18,grapes
103,46,56,21.24,73.48,6.38,241.52,rice
93,16,58,23.17,88.98,6.5,47.87,watermelon
27,69,24,27.67,67.7,6.66,57.71,lentil
17,131,213,16.26,97.33,6.09,111.15,apple
27,132,192,19.95,89.1,6.24,59.4,grapes
33,44,89,21.21,14.59,7.33,87.74,chickpea
81,41,16,22.04,68.39,6.51,73.53,maize
102,97,37,27.79,75.99,5.8,88.94,banana
12,66,20,19.8,24.34,5.41,106.64,kidneybeans
29,19,4,26.52,96.73,7.01,136.46,orange
16,45,33,28.49,63.22,6.53,94.34,mango
108,21,24,25.67,52.44,6.97,104.98,coffee
48,46,46,35.27,94.07,6.62,159.09,papaya
13,140,225,25.18,76.56,5.95,53.22,grapes
19,134,202,19.19,72.93,6.12,72.03,grapes
23,12,28,26.56,93.3,6.64,184.46,coconut
107,47,19,29.02,82.49,6.16,54.7,cotton
62,53,54,23.86,87.02,6.54,210.65,rice
16,72,23,24.17,40.88,5.74,123.1,pigeonpeas
38,78,19,30.51,62.45,6.69,66.15,blackgram
25,65,72,19.96,22.7,6.55,81.73,chickpea
21,65,18,20.37,77.73,7.25,57.57,lentil
33,88,20,21.03,27.71,5.4,95.29,kidneybeans
13,144,192,21.55,87.99,5.9,105.43,apple
32,10,24,16.5,93.59,6.85,96.75,pomegranate
22,15,40,20.06,90.52,5.45,70.41,pomegranate
66,49,45,25.88,75.67,5.74,183.67,jute
86,20,42,25.43,91.18,5.98,20.2,muskmelon
13,76,28,29.78,50.84,5.31,124.59,pigeonpeas
80,38,38,24.31,77.86,7.5,163.99,jute
75,42,20,25.77,82.72,7.34,155.29,jute
30,39,36,30.24,24.07,5.82,94.96,mango
17,18,52,20.13,94.29,6.97,135.69,pomegranate
21,53,17,31.66,44.23,7.66,23.79,mothbeans
32,72,30,25.1,50.18,7.05,68.24,blackgram
82,52,56,21.52,92.67,5.62,225.45,rice
11,59,11,28.01,77.39,7.03,60.66,lentil
35,51,24,24.86,61.51,7.0,66.96,blackgram
15,30,23,22.51,40.72,5.76,48.71,mothbeans
13,126,199,23.56,87.03,5.58,73.91,grapes
103,13,42,18.81,91.11,6.34,51.89,watermelon
29,57,28,25.44,87.38,6.95,42.31,mungbean
112,31,30,24.32,78.53,6.74,49.73,cotton
52,57,40,33.58,95.08,6.61,148.7,papaya
99,20,47,18.41,91.34,6.58,45.44,watermelon
28,21,24,37.36,57.82,4.75,83.69,mango
119,71,33,29.21,68.63,5.92,167.35,banana
16,66,16,11.38,25.49,6.21,118.03,kidneybeans
21,54,10,29.44,79.72,7.03,36.45,mungbean
105,14,64,32.63,93.81,6.94,24.52,muskmelon
30,24,20,30.02,95.15,5.96,215.37,coconut
24,74,26,17.01,17.94,5.27,88.49,kidneybeans
15,18,40,14.35,85.33,5.96,123.44,pomegranate
44,68,19,21.85,70.96,7.15,74.43,blackgram
41,66,18,31.24,67.6,8.01,55.22,blackgram
118,8,46,18.62,85.16,6.61,69.09,watermelon
92,81,50,23.17,72.64,6.13,90.26,banana
18,16,47,19.18,89.2,6.96,137.78,pomegranate
104,35,31,28.86,52.71,6.34,166.7,coffee
47,52,56,30.24,94.55,6.78,140.87,papaya
106,53,45,27.35,80.09,7.02,192.95,jute
18,17,31,27.53,89.64,5.94,139.34,coconut
17,19,12,20.27,87.47,8.32,107.18,orange
30,22,38,28.09,92.92,5.32,169.97,coconut
90,13,51,21.81,87.11,6.84,56.41,watermelon
14,131,210,23.53,92.79,6.27,104.77,apple
57,62,48,34.61,89.14,6.36,143.54,papaya
93,26,43,24.96,86.72,6.22,19.97,muskmelon
110,18,46,30.98,93.58,6.09,24.39,muskmelon
118,41,21,26.2,86.83,7.03,62.19,cotton
23,127,215,24.56,82.26,6.31,64.37,grapes
96,40,57,22.99,85.42,6.41,153.23,jute
76,34,42,26.1,83.63,6.84,168.22,jute
26,131,212,20.48,80.22,6.66,71.02,grapes
18,54,16,23.1,62.13,6.68,32.83,lentil
84,48,36,23.02,79.84,6.56,217.37,rice
18,23,35,26.32,41.38,5.84,107.46,mango
18,74,19,23.35,65.47,6.66,41.88,lentil
23,138,218,20.0,89.43,5.43,115.66,apple
31,48,17,25.02,77.77,6.97,54.94,mungbean
14,14,30,28.01,90.98,5.59,187.77,coconut
99,29,34,24.01,82.23,6.22,248.69,rice
106,34,2,24.32,60.98,5.89,99.17,maize
14,23,29,36.67,51.91,5.36,99.41,mango
22,26,50,18.94,93.28,6.02,120.92,pomegranate
116,56,24,21.05,74.95,6.8,94.74,cotton
22,58,11,24.32,62.45,7.15,45.04,lentil
109,25,52,27.23,86.89,6.37,30.59,muskmelon
25,22,17,16.69,88.31,6.68,100.61,orange
12,143,238,22.65,91.48,5.89,49.41,grapes
6,37,29,33.57,51.97,6.18,81.44,mothbeans
95,34,38,26.09,71.35,6.45,146.82,coffee
18,74,14,17.93,20.13,5.79,97.61,kidneybeans
37,78,21,21.14,21.72,5.71,97.97,kidneybeans
113,82,45,26.51,79.16,6.24,132.49,banana
99,18,54,24.09,97.65,6.41,47.23,watermelon
13,65,27,26.32,63.74,7.02,38.8,lentil
38,65,22,22.05,67.36,6.8,41.07,lentil
101,29,38,22.76,51.23,7.29,147.43,coffee
25,68,16,22.63,56.35,6.26,103.63,pigeonpeas
57,64,45,33.52,89.45,6.71,150.27,papaya
49,50,59,27.36,91.02,6.68,142.4,papaya
25,16,11,21.26,93.71,6.73,129.87,orange
27,41,25,24.31,92.26,6.71,40.84,mungbean
79,48,14,21.01,53.78,7.0,60.12,maize
114,28,52,29.8,95.11,6.29,25.46,muskmelon
26,35,36,29.11,44.35,5.18,96.68,mango
104,31,36,24.26,89.21,5.83,264.89,rice
45,66,22,27.03,64.61,7.38,114.69,blackgram
55,60,38,23.15,76.94,5.74,254.7,rice
57,32,28,30.32,76.07,6.53,96.9,maize
24,134,203,23.93,84.55,5.68,90.99,grapes
14,80,28,21.55,53.36,7.02,39.43,lentil
96,69,41,27.0,80.22,6.28,211.92,jute
107,54,32,28.15,73.28,7.24,66.74,cotton
97,21,40,28.94,50.93,6.74,155.41,coffee
95,81,55,29.17,78.33,6.61,62.28,banana
21,11,28,32.32,45.83,5.28,111.92,mango
120,15,62,28.84,79.99,6.91,42.18,watermelon
30,14,7,24.35,94.12,7.31,147.79,orange
97,19,45,25.69,88.89,6.21,59.38,watermelon
19,61,22,28.58,40.3,6.94,37.52,mothbeans
17,73,32,30.26,47.52,5.71,139.3,pigeonpeas
126,51,25,17.93,72.23,7.3,49.89,cotton
98,61,12,22.23,84.54,7.16,57.84,cotton
12,137,183,19.62,88.43,5.72,111.44,apple
17,51,13,21.71,20.22,5.48,108.2,kidneybeans
125,53,16,28.16,76.84,7.46,88.85,cotton
19,34,23,29.52,33.92,5.17,131.15,mango
67,47,41,21.71,83.79,6.62,262.49,rice
14,118,189,24.42,96.74,6.27,133.15,apple
30,130,203,22.52,76.92,5.3,54.17,grapes
20,112,203,23.05,92.4,4.71,86.69,apple
40,75,13,28.92,60.0,7.4,68.47,blackgram
19,23,59,16.68,89.1,5.45,110.85,pomegranate
46,55,49,33.16,92.38,6.92,137.68,papaya
54,38,28,20.05,63.2,6.52,65.63,maize
22,26,22,23.85,90.64,6.38,218.9,coconut
21,28,32,31.28,59.94,5.75,65.84,mango
26,131,171,20.55,92.13,6.39,100.64,apple
32,124,210,28.3,75.11,5.86,87.13,grapes
26,12,9,23.38,90.69,7.19,121.11,orange
22,24,40,16.73,93.37,6.7,68.16,pomegranate
11,55,22,27.58,41.86,5.87,197.66,pigeonpeas
15,20,41,23.81,93.11,6.41,89.05,pomegranate
89,87,42,26.57,87.71,6.4,123.05,banana
100,71,49,26.9,80.8,6.26,84.22,banana
23,59,15,32.68,37.7,7.61,44.41,mothbeans
32,62,16,24.55,58.46,6.65,61.81,blackgram
31,45,26,32.91,91.56,6.26,44.96,mungbean
61,57,80,23.24,15.6,7.48,64.06,chickpea
46,60,17,28.96,66.2,7.14,74.54,blackgram
96,34,28,27.77,45.43,6.14,149.22,coffee
124,53,28,26.65,79.2,6.45,113.36,cotton
19,23,30,38.91,59.23,6.17,103.71,mango
46,45,43,34.36,95.22,6.8,162.0,papaya
16,13,12,17.19,87.67,7.01,109.55,orange
108,48,15,24.08,83.75,6.88,72.18,cotton
16,13,42,12.98,83.0,6.33,108.65,pomegranate
16,142,194,25.81,89.01,5.52,61.51,grapes
87,73,58,25.77,73.26,5.76,104.36,banana
85,50,13,25.1,60.39,6.35,136.2,maize
24,14,28,28.89,94.59,5.09,150.59,coconut
25,62,23,24.85,66.63,7.62,97.28,mothbeans
19,23,40,31.79,43.73,5.51,117.42,mango
19,16,17,33.9,54.36,5.88,113.42,mango
25,127,179,18.11,87.61,6.3,81.71,apple
106,19,56,24.85,90.98,6.31,27.65,muskmelon
21,64,18,16.54,63.23,7.29,38.42,lentil
22,10,44,19.82,86.95,6.1,99.13,pomegranate
100,65,50,29.42,77.0,6.16,122.03,banana
27,139,212,16.82,91.52,5.79,106.39,apple
27,23,11,17.98,93.62,7.62,137.4,orange
35,55,42,34.35,88.46,6.67,162.95,papaya
19,81,25,20.77,59.61,7.28,13.45,lentil
118,61,21,27.41,75.44,6.82,109.69,cotton
95,21,25,23.95,54.1,6.54,211.47,coffee
16,10,29,25.08,93.84,6.18,199.88,coconut
20,68,15,26.43,69.25,7.24,44.52,lentil
13,125,214,22.1,90.85,5.85,121.78,apple
108,15,49,30.06,90.07,6.17,28.73,muskmelon
34,60,16,30.61,73.27,6.94,81.62,blackgram
43,66,15,28.44,52.2,8.01,49.48,blackgram
29,73,26,29.09,36.96,5.63,126.59,pigeonpeas
50,72,74,24.33,10.03,7.67,95.01,chickpea
53,29,40,24.52,77.48,6.66,180.15,rice
130,54,24,27.35,79.54,6.15,78.55,cotton
25,49,13,25.87,44.99,5.2,161.67,pigeonpeas
28,68,23,16.45,20.02,5.62,90.07,kidneybeans
77,74,14,27.92,78.42,6.08,96.38,maize
101,78,42,24.88,76.42,6.45,91.78,banana
69,63,56,26.5,83.92,6.47,223.68,jute
14,17,5,19.75,93.99,8.04,119.55,orange
50,53,52,36.26,89.89,6.09,159.58,papaya
14,25,27,28.07,89.64,5.82,182.28,coconut
27,45,19,30.96,45.88,6.03,47.59,mothbeans
90,56,22,21.63,71.8,6.29,251.53,rice
13,147,231,28.63,80.32,5.54,54.01,grapes
14,79,33,21.42,69.27,6.61,58.49,lentil
55,54,56,27.94,91.24,6.93,160.51,papaya
33,49,79,18.63,23.57,7.55,64.64,chickpea
44,68,91,18.85,10.0,7.8,66.41,chickpea
17,127,192,20.22,88.16,5.45,95.41,apple
106,20,49,21.53,81.59,6.96,44.18,watermelon
112,55,25,23.03,88.33,6.12,243.31,rice
46,64,47,27.98,90.58,6.27,148.68,papaya
16,18,23,24.34,74.91,5.57,57.77,mungbean
84,39,37,28.78,77.97,6.38,204.27,jute
36,63,68,29.01,91.15,5.69,134.48,papaya
17,15,35,26.61,86.6,7.38,115.74,pomegranate
28,142,196,18.47,93.3,6.34,127.1,apple
76,41,42,25.94,82.21,6.63,126.12,jute
36,65,14,25.62,67.48,6.59,61.78,blackgram
73,44,21,23.48,65.02,6.47,108.81,maize
11,19,37,16.96,88.88,6.6,117.56,pomegranate
39,62,11,19.48,55.13,4.86,138.83,pigeonpeas
101,13,52,22.84,95.14,6.42,19.83,muskmelon
0,49,17,32.78,85.1,6.22,47.4,mungbean
42,55,26,29.63,66.59,7.1,60.23,blackgram
65,40,45,26.88,86.1,6.4,189.9,jute
25,20,36,26.83,93.04,5.97,203.92,coconut
47,56,14,29.2,73.23,7.3,71.72,blackgram
97,39,9,27.49,79.88,6.01,87.51,cotton
88,14,60,24.85,86.88,6.45,35.8,watermelon
0,63,17,32.55,44.15,5.99,154.24,pigeonpeas
94,87,48,26.61,82.05,5.76,134.86,banana
29,127,203,22.88,93.12,5.79,137.63,apple
21,128,212,21.82,89.38,5.53,82.46,apple
11,73,17,24.09,70.58,6.41,37.79,lentil
43,61,55,37.54,91.54,6.48,146.33,papaya
25,51,18,31.02,79.36,7.15,49.85,mungbean
78,48,28,21.45,65.77,6.12,76.31,maize
31,61,24,26.22,47.36,5.85,157.57,pigeonpeas
107,37,43,25.92,51.87,6.12,185.04,coffee
9,16,14,23.75,92.17,7.19,109.46,orange
17,21,37,23.93,85.47,5.96,120.75,pomegranate
23,47,11,32.07,81.95,6.9,29.24,mungbean
86,40,19,27.75,45.86,7.04,205.55,coffee
100,61,35,22.02,81.37,6.42,262.83,rice
26,52,26,30.69,54.43,7.21,46.01,lentil
27,7,33,27.44,99.01,5.29,213.93,coconut
115,30,33,28.54,57.23,7.1,176.1,coffee
61,55,23,27.77,71.27,6.51,49.06,blackgram
33,75,14,20.61,44.73,5.69,164.89,pigeonpeas
23,122,209,23.85,77.06,6.9,77.15,grapes
77,15,53,23.61,83.46,6.96,51.28,watermelon
15,6,12,22.75,92.1,6.74,109.31,orange
76,46,20,23.56,83.79,6.99,214.45,rice
20,53,17,17.15,19.72,5.6,103.76,kidneybeans
34,72,88,21.26,21.94,7.58,85.27,chickpea
91,30,30,23.5,59.62,7.22,168.85,coffee
86,70,71,25.28,78.38,5.85,96.57,banana
12,28,29,31.26,49.87,6.73,68.4,mango
122,11,52,32.7,93.8,6.47,16.25,muskmelon
24,9,7,21.64,96.1,6.98,119.0,orange
81,39,35,25.21,76.87,6.26,205.04,jute
81,56,39,24.46,88.32,6.92,211.28,jute
100,14,46,23.78,92.23,6.82,15.22,muskmelon
28,35,24,29.86,75.44,6.74,42.38,mungbean
111,38,25,23.33,79.6,7.01,85.31,cotton
26,128,216,23.15,84.97,6.02,103.88,apple
106,24,26,23.82,45.99,6.82,178.59,coffee
21,46,21,28.25,88.99,7.07,35.39,mungbean
23,64,31,21.56,81.84,6.91,29.49,lentil
97,23,42,25.68,88.98,6.43,15.3,muskmelon
85,50,23,30.21,64.54,6.38,106.01,maize
20,69,25,26.9,68.95,6.76,54.9,lentil
22,15,33,30.16,94.72,6.77,152.55,coconut
40,87,79,16.87,10.0,6.58,56.24,chickpea
30,63,15,20.08,19.04,6.12,117.34,kidneybeans
104,33,29,25.86,57.7,6.84,153.99,coffee
97,96,43,24.89,79.66,5.97,120.4,banana
15,40,26,23.95,48.85,6.82,51.67,mothbeans
100,16,57,24.69,76.21,6.4,38.33,watermelon
95,63,49,22.27,81.77,5.61,108.27,banana
61,45,23,27.33,60.31,6.85,54.37,blackgram
119,25,35,24.69,47.68,7.09,131.63,coffee
31,48,21,19.73,55.6,5.75,162.59,pigeonpeas
83,49,45,27.42,78.55,6.35,195.69,jute
42,72,9,27.38,62.96,7.2,85.9,blackgram
25,135,198,22.87,97.79,6.36,76.2,grapes
29,126,187,25.84,81.84,6.33,56.41,grapes
45,40,47,27.04,89.39,6.09,151.6,papaya
21,16,25,29.62,41.86,6.04,111.21,mango
23,56,17,29.22,58.51,7.02,37.62,mothbeans
84,38,59,24.95,76.04,6.66,200.76,rice
17,82,12,20.44,19.61,5.59,120.81,kidneybeans
22,146,228,23.56,83.74,5.6,67.79,grapes
97,17,36,26.18,84.55,7.14,38.73,watermelon
23,14,13,24.88,86.98,6.77,92.89,orange
108,49,40,26.09,93.68,7.13,67.4,cotton
13,58,22,17.85,21.16,5.4,100.39,kidneybeans
0,63,23,31.8,43.37,5.59,184.62,pigeonpeas
25,89,14,25.55,52.16,5.77,120.53,pigeonpeas
59,80,86,18.32,11.2,7.15,96.33,chickpea
19,23,41,27.17,84.25,6.19,104.47,pomegranate
22,147,175,29.81,82.68,5.96,67.03,grapes
30,22,31,27.26,89.49,5.68,187.93,coconut
125,88,48,27.69,86.22,5.69,91.96,banana
14,24,39,14.34,84.4,6.3,83.74,pomegranate
97,42,29,29.15,82.3,6.41,229.28,rice
97,82,70,28.37,87.68,6.24,90.77,banana
97,74,44,27.0,74.7,5.8,94.68,banana
111,76,31,31.09,75.01,5.58,127.07,banana
113,32,20,21.55,74.72,6.61,129.71,cotton
103,20,61,28.57,82.29,6.46,58.05,watermelon
11,49,16,24.96,78.3,6.87,39.82,mungbean
24,39,30,38.8,36.21,5.98,118.33,mango
30,24,51,21.07,91.28,6.8,138.21,pomegranate
118,10,50,25.93,91.07,6.56,29.36,muskmelon
17,13,15,22.29,97.18,7.17,114.85,orange
85,49,10,25.99,61.05,5.68,76.44,maize
98,88,65,29.06,72.96,6.18,122.01,banana
65,55,55,24.35,84.21,7.19,200.43,jute
97,28,25,29.95,57.04,6.43,141.1,coffee
35,58,15,32.36,65.1,7.03,66.35,blackgram
27,51,14,28.96,43.08,6.48,52.84,mothbeans
88,11,43,27.48,92.31,6.29,5.15,muskmelon
42,73,27,30.34,60.99,6.92,71.58,blackgram
35,140,206,21.05,84.86,5.71,89.0,grapes
21,123,209,28.48,85.62,6.37,62.19,grapes
127,61,4,24.33,71.32,7.88,70.64,cotton
25,145,204,22.05,86.42,5.45,53.78,grapes
37,61,18,34.97,39.68,5.52,145.59,pigeonpeas
11,22,7,16.61,92.71,6.9,87.81,orange
14,33,19,27.74,58.48,7.27,49.11,mothbeans
18,30,35,34.63,49.81,6.36,113.16,mango
68,47,40,23.76,78.15,6.61,195.25,jute
18,29,23,33.11,49.38,5.59,87.77,mango
17,77,19,25.98,79.13,7.32,47.12,lentil
22,35,16,25.25,65.4,6.6,66.03,mothbeans
3,49,17,26.34,88.48,7.17,44.73,mungbean
35,60,45,34.89,89.34,6.39,91.47,papaya
20,21,16,21.1,92.8,7.67,67.52,orange
96,61,51,23.23,80.27,6.35,95.46,banana
23,12,17,26.58,93.04,5.74,180.57,coconut
14,18,27,29.53,45.7,5.89,96.58,mango
50,60,27,29.63,63.72,8.1,52.17,blackgram
100,50,28,18.54,67.14,6.66,86.65,maize
105,24,48,23.99,93.84,6.63,24.57,muskmelon
42,63,18,30.1,73.32,6.32,62.47,blackgram
87,62,49,26.0,85.43,6.01,161.95,jute
85,94,44,24.83,80.15,5.74,134.67,banana
17,9,12,23.58,84.83,6.67,96.18,orange
26,82,20,21.47,45.52,7.17,36.22,lentil
66,48,22,27.65,57.01,6.69,80.72,maize
25,25,20,28.47,83.61,7.22,53.06,mungbean
133,39,17,30.94,76.48,7.2,91.24,cotton
119,50,15,21.73,82.44,7.85,100.07,cotton
103,33,35,27.32,55.05,6.61,119.15,coffee
15,38,21,29.44,92.48,6.5,42.03,mungbean
31,79,16,14.04,19.99,5.38,103.73,kidneybeans
34,66,63,16.58,20.82,7.95,61.48,chickpea
31,57,26,26.62,79.6,6.45,50.35,mungbean
17,10,33,22.17,92.33,6.39,130.14,pomegranate
18,58,22,23.01,60.85,7.24,46.35,lentil
17,92,20,23.18,58.31,7.34,56.41,lentil
68,66,30,21.57,87.79,6.72,248.72,rice
107,15,35,23.65,87.03,6.91,35.94,watermelon
68,62,25,21.79,77.56,6.78,214.81,jute
16,16,30,19.71,93.86,6.92,126.21,pomegranate
30,68,14,20.56,73.72,6.67,46.53,lentil
36,59,24,26.87,70.16,6.95,38.36,blackgram
31,145,211,25.92,90.49,6.13,79.69,grapes
28,27,31,32.43,59.37,5.04,106.69,mango
71,42,34,27.7,81.93,5.98,254.68,rice
67,49,29,23.68,86.11,6.72,128.01,jute
80,76,50,29.27,82.0,6.12,82.45,banana
123,48,22,29.03,79.81,7.2,121.03,cotton
79,51,37,23.25,88.43,7.66,178.58,jute
21,63,81,19.48,10.86,7.81,67.01,chickpea
17,15,36,26.31,97.24,5.5,143.7,coconut
15,49,17,28.56,92.55,6.94,54.1,mungbean
28,84,26,24.08,51.61,5.15,167.17,pigeonpeas
96,86,50,25.29,86.45,6.02,145.97,banana
96,88,50,28.59,86.75,6.42,114.41,banana
15,80,26,23.0,50.65,6.67,38.8,lentil
19,57,25,28.05,80.13,6.96,48.23,mungbean
52,65,50,31.9,90.78,6.46,161.69,papaya
27,75,23,18.06,24.36,5.94,97.92,kidneybeans
123,10,56,23.28,83.32,6.37,40.36,watermelon
26,17,32,25.59,99.22,7.04,168.04,coconut
25,88,12,18.57,17.69,5.87,105.38,kidneybeans
77,46,27,24.96,52.39,6.89,112.6,maize
11,16,29,37.76,48.38,5.63,66.16,mango
17,131,192,21.04,85.71,6.21,88.14,grapes
17,47,33,23.73,34.48,7.19,39.82,mothbeans
53,69,46,36.23,95.33,7.13,125.5,papaya
24,18,10,23.99,90.36,6.43,124.46,orange
85,60,49,23.68,81.9,6.0,229.44,rice
24,18,35,24.74,94.59,5.95,180.79,coconut
41,56,25,35.97,64.86,7.3,69.27,blackgram
18,57,24,24.55,61.64,6.14,63.33,lentil
96,8,53,25.79,85.32,6.41,46.49,watermelon
17,30,44,35.92,34.62,5.93,91.44,mango
25,27,16,39.98,63.97,5.99,79.94,mango
32,43,28,28.35,35.93,5.26,200.29,pigeonpeas
28,17,50,18.15,86.37,5.46,140.46,pomegranate
19,55,16,25.75,83.89,6.23,69.85,mungbean
14,68,15,19.72,12.07,5.56,111.02,kidneybeans
16,40,14,34.37,66.31,7.76,31.66,mothbeans
29,18,26,27.8,99.12,6.27,188.69,coconut
22,74,32,13.31,29.09,5.74,87.02,kidneybeans
87,36,55,22.43,80.39,6.73,193.07,rice
4,45,18,26.8,84.43,6.81,46.2,mungbean
75,40,33,27.53,84.02,5.9,257.54,rice
26,22,59,19.41,93.83,6.36,131.67,pomegranate
88,42,29,21.64,86.58,6.32,166.86,jute
20,52,4,24.89,66.12,6.79,44.73,lentil
20,51,26,30.62,41.57,7.21,49.03,mothbeans
17,63,25,22.58,50.21,6.41,134.6,pigeonpeas
8,17,29,23.71,93.14,6.04,91.68,pomegranate
21,51,20,25.56,61.23,6.91,50.26,mothbeans
39,58,14,26.06,62.82,7.59,55.92,blackgram
53,67,45,31.08,96.98,7.09,161.77,papaya
76,43,23,29.76,58.3,7.03,146.78,coffee
95,85,42,26.88,72.43,6.25,140.3,banana
18,20,37,33.78,51.35,5.97,94.25,mango
39,71,82,21.13,13.82,7.51,76.11,chickpea
91,22,55,28.87,95.95,6.18,22.5,muskmelon
18,28,38,27.42,41.9,4.93,84.02,mango
34,63,17,32.06,61.97,7.93,74.46,blackgram
87,19,50,28.96,92.35,6.55,21.51,muskmelon
24,50,26,28.01,61.85,6.02,183.04,pigeonpeas
101,57,17,21.95,62.43,7.13,92.64,maize
25,17,10,21.24,91.37,7.24,117.34,orange
18,13,54,26.04,86.46,6.46,93.39,pomegranate
16,14,10,20.31,87.73,7.09,131.47,orange
19,75,6,25.34,59.89,7.56,53.48,lentil
93,12,46,24.71,83.06,6.41,54.01,watermelon
26,23,32,28.89,81.12,6.76,50.11,mungbean
28,14,20,33.57,96.35,5.79,196.73,coconut
11,52,8,21.85,88.7,6.9,47.31,mungbean
26,9,48,24.55,97.07,5.5,159.53,coconut
12,50,8,29.66,47.52,7.76,38.38,mothbeans
16,47,19,31.35,54.86,6.43,78.36,mothbeans
57,69,54,38.69,96.91,6.88,121.04,papaya
21,21,32,27.18,93.66,5.32,223.45,coconut
91,53,31,26.81,74.99,6.63,295.71,rice
95,56,24,26.2,74.35,6.85,97.97,maize
103,18,57,25.07,80.11,6.26,26.25,watermelon
20,129,216,20.51,80.21,6.38,65.5,grapes
106,5,19,18.44,59.4,6.9,166.08,coffee
27,19,33,23.87,92.65,5.99,114.63,pomegranate
14,27,55,21.77,89.95,6.81,128.9,pomegranate
38,60,102,18.47,16.62,7.52,80.65,chickpea
101,60,18,27.47,66.19,6.17,72.73,maize
17,28,33,28.04,55.78,5.73,60.69,mango
8,23,25,23.69,88.53,6.68,80.35,pomegranate
20,36,20,22.93,79.4,6.97,55.25,mungbean
123,49,22,24.82,79.74,7.5,53.75,cotton
16,54,20,23.37,85.82,7.58,53.92,mungbean
86,49,24,20.24,66.35,5.73,82.78,maize
26,65,24,16.37,20.19,5.72,84.96,kidneybeans
21,57,16,21.86,57.78,4.75,184.61,pigeonpeas
85,41,45,23.56,89.16,6.84,159.5,jute
110,23,29,22.38,53.61,6.91,146.46,coffee
114,44,20,20.57,76.17,6.19,61.54,cotton
84,44,41,23.82,80.06,6.23,155.23,jute
125,37,16,17.74,78.53,6.46,81.58,cotton
28,34,22,22.07,53.47,7.75,35.78,mothbeans
82,16,48,29.76,87.0,6.57,60.04,watermelon
96,79,44,29.46,82.31,6.1,121.17,banana
34,74,28,21.63,34.34,5.73,165.08,pigeonpeas
83,58,0,29.27,63.88,6.74,64.2,maize
19,118,210,29.23,85.32,6.08,76.14,grapes
22,32,33,35.88,51.89,5.55,76.68,mango
81,70,38,24.6,81.83,5.93,264.28,rice
21,132,186,16.32,91.52,6.03,133.99,apple
92,60,52,25.45,76.0,5.8,139.9,banana
121,33,24,27.66,54.38,6.49,105.4,coffee
21,50,16,31.52,41.24,7.04,67.73,mothbeans
29,154,203,17.28,91.08,6.06,113.5,apple
18,52,24,25.48,85.34,5.89,65.3,mungbean
133,45,20,25.02,95.93,7.44,94.02,cotton
13,14,35,25.29,94.79,6.0,170.32,coconut
101,78,55,25.69,76.94,5.79,132.06,banana
119,49,8,23.59,82.82,6.83,67.32,cotton
28,134,223,20.42,90.7,6.23,79.54,apple
21,8,44,24.15,89.68,7.1,124.2,pomegranate
89,29,35,26.89,57.53,6.7,170.29,coffee
26,62,89,21.86,18.57,7.59,87.74,chickpea
12,14,0,20.23,91.75,7.23,104.63,orange
40,86,25,33.93,68.13,7.57,57.14,blackgram
107,47,15,26.47,80.7,6.45,81.62,cotton
40,52,92,16.8,11.95,7.38,97.23,chickpea
64,50,38,25.43,84.37,6.37,204.6,rice
94,56,44,25.31,81.6,7.17,205.59,jute
80,74,44,33.06,94.26,7.01,153.06,papaya
18,71,18,26.63,42.71,5.04,159.65,pigeonpeas
106,33,34,26.36,79.61,6.77,182.41,coffee
102,12,55,23.16,83.38,6.6,51.24,watermelon
32,63,70,19.37,24.12,7.43,76.21,chickpea
92,36,39,17.52,76.88,6.3,192.57,rice
20,22,12,20.31,85.02,6.91,130.56,orange
45,77,19,27.2,52.53,7.43,74.36,blackgram
118,73,62,27.71,70.95,6.25,102.65,banana
101,25,37,23.2,89.11,6.63,52.16,watermelon
28,52,29,25.68,45.88,5.49,141.36,pigeonpeas
111,44,21,25.09,79.93,6.67,40.73,cotton
66,50,33,23.38,75.3,6.67,198.59,jute
118,36,23,24.43,58.28,6.84,181.91,coffee
18,55,9,29.98,80.98,6.82,45.03,mungbean
84,79,50,23.33,86.94,6.06,112.63,banana
25,55,23,26.62,88.78,6.14,60.65,mungbean
76,64,49,24.69,83.58,6.54,175.85,jute
21,134,215,22.66,77.59,5.42,77.2,grapes
20,34,39,32.24,42.29,4.93,59.86,mango
85,21,69,31.19,96.24,6.49,31.74,muskmelon
18,129,213,25.21,91.73,6.17,90.46,apple
137,46,16,25.08,82.09,6.93,83.57,cotton
95,22,56,29.13,80.05,6.36,59.11,watermelon
107,33,34,25.3,63.58,5.83,161.78,coffee
18,67,18,26.91,68.35,6.99,30.75,lentil
17,16,3,24.58,83.7,8.09,140.04,orange
95,60,25,19.57,78.07,5.84,91.05,maize
44,51,46,39.53,90.8,7.06,132.6,papaya
18,20,44,17.76,93.99,6.85,84.4,pomegranate
67,46,54,37.44,94.28,7.03,156.69,papaya
16,28,37,33.39,38.61,6.46,82.18,mango
20,68,13,23.86,55.14,7.46,29.73,lentil
61,64,41,32.58,98.05,6.74,133.82,papaya
109,58,21,25.84,75.51,5.72,69.54,cotton
25,63,19,23.95,70.47,7.14,43.36,lentil
123,33,27,15.54,84.17,7.27,71.35,cotton
19,10,35,18.29,93.24,6.45,81.29,pomegranate
27,17,24,25.46,92.45,5.19,149.91,coconut
73,37,10,26.48,61.26,6.44,84.06,maize
76,41,47,24.89,80.2,6.86,197.57,rice
63,50,51,25.08,81.06,7.17,136.39,jute
31,58,20,28.69,63.74,6.91,63.56,mothbeans
14,36,36,33.93,50.07,5.13,114.56,mango
28,137,209,22.87,78.72,6.51,62.54,grapes
125,58,12,24.06,74.66,6.88,75.48,cotton
7,22,27,24.34,96.82,5.89,205.4,coconut
52,35,26,23.51,63.53,6.31,91.95,maize
101,20,53,25.74,88.63,7.4,20.13,muskmelon
102,7,45,25.43,90.36,6.63,23.14,muskmelon
28,17,13,26.11,90.08,7.44,115.51,orange
32,57,20,28.73,50.06,7.48,46.99,mothbeans
26,52,25,28.97,82.34,7.04,31.71,mungbean
119,64,28,26.73,83.98,7.18,103.18,cotton
21,12,9,17.42,91.42,6.88,115.98,orange
17,26,36,34.83,54.56,5.74,124.96,mango
87,60,50,28.31,78.16,6.75,235.5,rice
96,53,17,25.32,42.21,6.76,50.21,maize
28,68,12,26.79,65.04,6.42,148.14,pigeonpeas
22,38,24,34.41,45.77,6.01,65.82,mango
40,71,97,19.72,29.01,7.53,53.59,chickpea
86,24,27,29.66,65.4,7.26,179.5,coffee
27,13,4,21.79,90.96,6.66,108.4,orange
14,20,20,28.34,27.2,5.92,136.08,mango
23,129,183,18.55,79.43,6.36,88.84,grapes
67,42,43,25.95,79.6,6.33,196.81,rice
89,68,48,26.75,80.51,5.88,117.66,banana
70,35,38,23.94,82.98,6.68,190.69,jute
95,82,39,29.06,71.03,6.22,98.47,banana
12,50,18,27.63,47.03,5.59,121.63,pigeonpeas
15,19,15,20.5,93.6,6.59,158.92,orange
57,62,82,16.77,10.0,7.06,79.44,chickpea
110,14,53,20.3,87.04,7.28,38.06,watermelon
18,57,17,24.25,72.28,6.83,31.49,lentil
63,59,35,24.32,87.25,6.25,156.83,jute
20,77,11,19.4,77.64,6.66,59.63,lentil
22,121,214,21.68,91.66,6.26,118.69,apple
113,35,27,29.05,65.31,6.88,165.01,coffee
14,50,27,26.21,95.49,6.49,48.39,mungbean
23,74,22,19.17,14.37,6.12,128.39,kidneybeans
80,33,42,21.04,83.47,6.99,208.98,jute
56,51,51,31.94,94.51,6.64,140.53,papaya
34,72,69,19.33,15.83,7.22,78.07,chickpea
21,16,10,19.86,90.37,7.17,82.29,orange
87,24,37,22.58,93.39,6.33,34.22,watermelon
97,20,52,26.94,90.68,5.95,31.9,muskmelon
69,52,24,23.78,60.6,6.03,84.49,maize
117,39,27,16.89,77.34,7.23,74.12,cotton
30,79,23,28.45,65.61,5.8,114.54,pigeonpeas
118,56,13,28.9,84.51,6.87,77.03,cotton
22,19,44,28.12,95.2,6.0,162.91,coconut
11,50,15,29.66,84.83,6.06,53.05,mungbean
20,70,15,22.24,66.84,6.45,50.2,lentil
87,25,19,33.47,44.77,6.8,187.58,coffee
17,53,28,24.68,49.34,6.72,29.06,mothbeans
94,31,52,24.49,74.26,6.6,156.94,jute
111,43,7,26.84,84.1,6.9,49.45,cotton
25,24,39,19.93,94.91,5.92,115.77,pomegranate
28,70,12,24.87,41.93,5.76,162.78,pigeonpeas
21,24,35,23.74,88.69,5.87,144.68,coconut
41,69,41,29.67,93.1,7.34,133.19,papaya
90,53,24,25.55,76.14,7.14,138.87,jute
32,45,31,19.49,59.89,5.48,78.97,mango
78,69,34,24.31,65.3,6.35,97.27,maize
76,41,46,24.91,73.4,5.93,146.78,jute
117,38,11,17.72,79.34,6.73,66.48,cotton
102,23,37,26.22,87.9,5.68,59.58,watermelon
36,76,23,28.47,51.94,4.84,141.63,pigeonpeas
101,10,36,23.33,40.74,6.47,144.75,coffee
15,15,37,21.8,92.86,6.38,107.32,pomegranate
109,22,34,25.83,57.55,6.6,143.05,coffee
17,48,18,31.44,70.81,6.69,46.73,mungbean
39,44,49,32.3,90.75,6.67,114.43,papaya
109,25,28,26.3,77.87,6.7,51.54,watermelon
44,51,26,26.31,55.72,6.02,128.01,pigeonpeas
100,24,36,22.6,82.24,6.35,58.88,watermelon
75,40,24,20.3,65.23,6.3,106.72,maize
20,24,42,35.23,56.28,5.57,134.71,mango
26,115,189,25.23,84.05,6.49,67.83,grapes
14,61,19,25.34,89.99,6.59,57.11,mungbean
92,49,15,25.09,68.15,6.66,97.7,maize
34,51,31,32.76,58.77,7.21,74.26,blackgram
19,119,215,22.43,89.52,5.74,145.56,apple
115,41,10,25.02,80.74,6.29,89.07,cotton
14,15,29,22.23,92.67,5.86,97.9,pomegranate
105,55,16,29.47,60.15,6.6,90.99,maize
21,5,10,16.96,88.38,6.93,135.53,orange
17,51,31,23.82,59.01,7.07,60.01,lentil
21,22,30,31.69,94.4,6.32,195.13,coconut
33,62,94,12.59,31.69,7.72,83.35,chickpea
31,61,77,14.96,11.9,7.11,93.12,chickpea
40,58,18,24.51,75.91,6.98,60.67,blackgram
22,95,22,22.98,47.05,4.91,147.58,pigeonpeas
99,42,13,24.41,60.58,6.55,89.06,maize
25,114,207,21.34,78.88,5.56,80.98,grapes
34,77,81,19.81,23.64,7.5,88.07,chickpea
82,19,59,27.45,87.48,6.74,37.49,muskmelon
16,97,13,21.24,60.48,7.0,40.36,lentil
47,74,71,22.26,13.32,7.62,85.51,chickpea
106,23,48,26.03,88.77,6.54,15.68,muskmelon
53,49,53,31.85,93.3,6.68,143.86,papaya
12,16,1,23.01,93.36,7.67,106.12,orange
41,71,20,25.91,65.37,6.67,69.22,blackgram
38,72,30,31.79,83.02,6.37,129.73,papaya
101,50,32,26.94,61.5,6.69,191.35,coffee
24,22,24,24.78,51.23,5.67,117.72,mango
15,29,17,26.48,91.01,7.97,117.37,orange
106,19,40,26.82,90.89,5.69,16.15,muskmelon
27,74,14,17.27,20.8,5.65,111.68,kidneybeans
24,130,222,19.55,78.24,6.61,71.97,grapes
37,55,56,38.48,93.25,7.17,135.87,papaya
20,73,13,28.87,80.93,7.06,65.08,lentil
23,145,213,18.95,88.74,5.62,131.52,apple
16,56,20,29.19,80.21,6.46,42.5,mungbean
92,40,45,23.07,79.67,6.5,172.6,rice
15,63,21,29.91,80.89,6.21,41.17,mungbean
8,11,20,23.83,97.75,7.33,95.16,orange
31,140,200,24.65,83.48,6.16,42.62,grapes
72,41,50,23.9,81.39,6.76,148.23,jute
23,128,216,21.38,89.64,5.99,151.27,apple
27,16,33,29.29,96.37,6.21,146.27,coconut
18,16,41,37.3,49.67,6.56,96.83,mango
95,22,16,26.71,45.03,6.5,173.71,coffee
16,14,13,22.55,93.83,6.91,103.16,orange
119,57,14,20.01,73.54,6.43,91.91,cotton
22,45,28,29.91,93.08,6.14,47.59,mungbean
23,30,14,36.27,83.47,6.99,40.19,mungbean
30,124,183,25.49,85.18,6.16,39.79,grapes
19,64,16,20.23,20.09,5.44,131.43,kidneybeans
23,44,19,30.3,79.8,7.48,26.15,mungbean
107,28,51,27.35,91.22,6.45,17.37,muskmelon
90,21,71,29.5,86.03,6.26,24.98,muskmelon
42,60,18,26.18,73.95,6.98,89.79,blackgram
28,123,205,23.85,85.13,5.91,65.39,grapes
52,41,54,35.32,91.77,7.65,124.93,papaya
14,17,33,23.09,88.5,5.88,115.83,pomegranate
102,15,47,19.89,83.76,6.31,43.81,watermelon
111,21,68,24.95,94.47,5.88,25.26,muskmelon
90,16,54,34.16,93.82,6.59,28.25,muskmelon
94,13,53,24.48,89.02,6.86,39.21,muskmelon
85,56,43,23.33,79.09,7.08,140.42,jute
29,140,189,22.1,89.32,5.83,100.91,apple
19,24,0,23.53,94.15,7.46,108.7,orange
100,22,55,23.69,77.96,6.61,32.09,watermelon
117,19,34,21.26,58.75,7.1,153.64,coffee
104,26,18,23.6,48.83,6.53,159.83,coffee
22,19,15,27.59,92.37,7.44,102.97,orange
97,70,69,25.48,83.32,6.42,93.89,banana
46,78,23,29.82,57.01,7.1,60.0,blackgram
22,100,193,24.29,90.83,5.71,91.17,apple
34,15,30,25.46,92.11,6.81,198.51,coconut
48,61,39,37.78,91.96,6.81,127.57,papaya
28,33,6,27.99,57.56,5.76,74.52,mango
105,105,32,28.56,75.44,5.99,100.04,banana
20,45,14,24.48,57.64,6.52,54.75,mothbeans
22,1,11,17.03,93.94,7.59,91.48,orange
56,61,49,36.89,93.21,6.36,124.98,papaya
120,53,13,24.78,86.59,7.13,81.16,cotton
82,42,55,18.7,87.46,6.9,167.8,rice
61,86,50,23.64,81.55,6.19,116.79,banana
31,42,6,26.76,62.13,7.07,56.42,mothbeans
26,90,17,24.33,61.67,6.9,64.39,lentil
122,21,30,31.65,95.27,6.26,29.74,muskmelon
12,14,55,25.06,97.44,5.67,187.73,coconut
110,83,52,25.33,71.41,6.09,123.1,banana
42,55,84,17.05,13.36,7.53,98.57,chickpea
1,65,21,14.55,22.93,5.62,140.11,kidneybeans
23,69,18,21.39,65.58,7.2,32.28,lentil
25,77,16,14.39,15.79,5.51,97.96,kidneybeans
93,29,25,22.81,54.73,6.52,176.09,coffee
105,81,68,24.04,80.7,6.03,121.27,banana
90,16,62,27.18,86.39,6.37,23.37,muskmelon
22,23,43,13.52,88.0,6.88,90.85,pomegranate
20,142,191,20.73,88.06,6.0,118.51,apple
29,16,37,26.61,94.1,5.71,170.46,coconut
14,72,15,26.59,66.21,7.02,36.61,lentil
62,46,56,27.16,91.73,7.14,128.21,papaya
24,53,15,29.27,65.8,5.69,57.54,mothbeans
31,77,27,27.11,62.78,6.69,64.95,blackgram
19,26,23,24.32,98.58,6.38,185.8,coconut
30,73,92,21.16,20.98,7.0,58.67,chickpea
71,62,50,26.23,89.14,7.59,170.62,jute
53,42,56,29.66,96.68,6.68,110.84,papaya
18,54,20,20.71,16.46,6.31,115.22,kidneybeans
20,70,29,30.94,56.69,5.57,123.32,pigeonpeas
18,14,9,19.86,90.92,7.81,91.75,orange
24,84,25,19.24,23.32,5.72,116.16,kidneybeans
16,149,222,19.34,94.02,5.43,140.09,apple
11,26,23,32.81,37.06,5.84,82.4,mango
91,14,59,31.67,94.85,6.61,24.74,muskmelon
67,61,41,24.35,85.59,6.25,169.37,jute
15,28,39,33.78,50.27,5.56,113.95,mango
94,15,46,23.53,71.27,6.66,39.85,watermelon
72,34,39,25.91,77.07,6.6,214.09,rice
80,68,42,23.58,78.59,6.25,206.4,jute
17,41,28,30.74,32.27,5.62,111.73,mango
27,57,19,23.78,44.12,5.59,135.67,pigeonpeas
29,61,25,14.72,25.45,5.77,116.07,kidneybeans
43,50,16,28.01,78.4,6.99,34.98,blackgram
37,55,25,34.07,78.36,7.59,65.04,blackgram
101,78,45,24.85,77.84,5.15,90.28,banana
19,64,10,24.77,80.14,6.55,36.72,lentil
24,58,12,13.43,26.56,5.45,135.67,kidneybeans
116,73,61,26.13,88.77,5.85,88.19,banana
27,118,195,20.99,82.63,5.85,72.65,grapes
32,56,25,30.57,66.3,5.6,171.37,pigeonpeas
6,78,21,21.68,80.19,6.93,33.57,lentil
22,15,39,20.82,93.31,5.97,105.97,pomegranate
121,53,24,21.22,80.96,7.48,75.85,cotton
55,65,77,22.98,18.78,7.48,112.48,chickpea
67,47,23,23.96,68.38,6.95,94.07,maize
21,142,189,19.48,89.97,5.67,128.31,apple
30,69,25,27.87,75.81,7.62,92.96,blackgram
30,147,212,22.22,92.07,6.21,104.17,apple
13,36,29,31.26,47.77,6.01,110.66,mango
68,96,43,28.37,83.71,5.65,118.21,banana
25,121,203,23.68,91.4,6.05,92.17,apple
136,55,27,21.99,84.02,7.69,66.23,cotton
70,54,32,23.77,84.52,6.75,193.99,rice
45,77,19,26.69,50.81,6.83,58.74,blackgram
111,25,56,27.35,92.42,5.79,22.93,muskmelon
84,23,60,21.26,91.79,6.44,55.02,watermelon
98,36,27,22.12,60.92,6.36,172.39,coffee
92,21,45,29.23,84.37,6.77,58.95,watermelon
81,45,50,22.23,77.02,6.36,168.03,jute
42,71,77,20.76,13.63,7.65,59.81,chickpea
68,39,48,21.7,76.19,7.28,181.1,jute
23,36,14,25.09,85.55,6.45,53.93,mungbean
13,131,224,23.58,83.51,6.55,63.94,grapes
87,36,34,26.51,75.71,6.27,145.53,jute
25,68,27,31.43,78.06,7.01,47.36,mungbean
29,155,208,15.75,90.33,6.15,103.57,apple
15,143,201,18.7,80.5,6.19,65.0,grapes
26,24,40,28.13,97.21,5.47,137.44,coconut
21,52,27,24.0,49.51,6.41,55.69,mothbeans
85,49,4,20.18,63.85,5.82,97.0,maize
21,22,33,30.22,97.59,5.72,130.12,coconut
15,11,40,20.48,88.26,6.58,91.99,pomegranate
69,50,38,22.42,74.65,6.33,202.14,jute
91,68,28,26.94,77.19,5.43,128.78,banana
30,91,21,23.38,32.51,5.93,183.12,pigeonpeas
48,85,22,25.83,62.94,7.22,99.02,blackgram
60,50,43,24.5,83.73,6.13,236.97,rice
33,75,31,20.37,42.76,5.43,171.64,pigeonpeas
16,12,29,37.63,56.44,6.58,112.65,mango
20,15,33,15.73,87.22,6.59,92.94,pomegranate
21,142,187,22.2,84.97,6.0,78.77,grapes
10,139,198,25.4,89.98,5.82,134.44,apple
53,75,19,33.05,52.9,6.57,35.33,blackgram
16,7,7,27.19,87.53,7.0,110.68,orange
73,50,22,27.73,64.24,6.41,97.16,maize
122,29,27,27.26,56.73,7.55,158.9,coffee
102,21,58,30.37,91.48,6.34,42.79,muskmelon
18,86,21,19.49,24.33,5.87,121.78,kidneybeans
17,125,206,26.4,87.6,6.63,68.99,grapes
14,80,24,34.76,39.22,5.61,156.94,pigeonpeas
89,26,28,28.59,63.56,6.91,158.93,coffee
17,17,9,22.37,95.86,6.95,86.75,orange
108,72,45,26.99,79.79,6.3,64.7,banana
22,32,28,32.63,47.3,5.7,89.51,mango
14,144,198,24.11,84.0,5.68,76.85,grapes
20,72,34,23.17,62.46,6.95,58.86,lentil
